strategy,asset,average_weight
Equal Weight,SPY,0.11111111111110425
Equal Weight,EFA,0.11111111111110425
Equal Weight,EEM,0.11111111111110425
Equal Weight,TLT,0.11111111111110425
Equal Weight,IEF,0.11111111111110425
Equal Weight,SHY,0.11111111111110425
Equal Weight,GLD,0.11111111111110425
Equal Weight,VNQ,0.11111111111110425
Equal Weight,DBC,0.11111111111110425
Inverse Volatility,SPY,0.06749277290397136
Inverse Volatility,EFA,0.0617987669389993
Inverse Volatility,EEM,0.05025365319933978
Inverse Volatility,TLT,0.06987415800892918
Inverse Volatility,IEF,0.1627256223985168
Inverse Volatility,SHY,0.39980746017539276
Inverse Volatility,GLD,0.06908933566839161
Inverse Volatility,VNQ,0.056284781204833045
Inverse Volatility,DBC,0.06267344950163685
Minimum Variance,SPY,0.10035765865386365
Minimum Variance,EFA,0.02146664471387905
Minimum Variance,EEM,0.00477478504979432
Minimum Variance,TLT,0.0046802314972875896
Minimum Variance,IEF,0.391503378032369
Minimum Variance,SHY,0.40000000000001273
Minimum Variance,GLD,0.01664210939728583
Minimum Variance,VNQ,0.002265438605169497
Minimum Variance,DBC,0.05830975405035881
Maximum Sharpe,SPY,0.2119309832332768
Maximum Sharpe,EFA,0.04178455725162321
Maximum Sharpe,EEM,0.009656628420485047
Maximum Sharpe,TLT,0.05805684631660978
Maximum Sharpe,IEF,0.1630450236892206
Maximum Sharpe,SHY,0.32077292856220097
Maximum Sharpe,GLD,0.07288433363244103
Maximum Sharpe,VNQ,0.04075577407798822
Maximum Sharpe,DBC,0.08111292481614046
Risk Parity,SPY,0.06357108204995161
Risk Parity,EFA,0.05231211990272121
Risk Parity,EEM,0.04107593112420813
Risk Parity,TLT,0.08459765403314487
Risk Parity,IEF,0.18422771444991928
Risk Parity,SHY,0.40000000000001273
Risk Parity,GLD,0.0625969099732647
Risk Parity,VNQ,0.046074727130501196
Risk Parity,DBC,0.0655438613362891
Minimum Variance Shrinkage,SPY,0.08267013804138079
Minimum Variance Shrinkage,EFA,0.029267558765427377
Minimum Variance Shrinkage,EEM,0.006759888126960004
Minimum Variance Shrinkage,TLT,0.006819239417530039
Minimum Variance Shrinkage,IEF,0.3883241861097828
Minimum Variance Shrinkage,SHY,0.40000000000001273
Minimum Variance Shrinkage,GLD,0.02334455946326265
Minimum Variance Shrinkage,VNQ,0.005592579806582724
Minimum Variance Shrinkage,DBC,0.057221850269078875
Maximum Sharpe Shrinkage,SPY,0.1904611757957663
Maximum Sharpe Shrinkage,EFA,0.052394720341197756
Maximum Sharpe Shrinkage,EEM,0.012975856881039133
Maximum Sharpe Shrinkage,TLT,0.04914197646223089
Maximum Sharpe Shrinkage,IEF,0.16554595784894563
Maximum Sharpe Shrinkage,SHY,0.31847457350290176
Maximum Sharpe Shrinkage,GLD,0.07706679633461788
Maximum Sharpe Shrinkage,VNQ,0.052167430411780444
Maximum Sharpe Shrinkage,DBC,0.08177151242151279
Risk Parity Shrinkage,SPY,0.0632533907878079
Risk Parity Shrinkage,EFA,0.053308953226544324
Risk Parity Shrinkage,EEM,0.04222937246790752
Risk Parity Shrinkage,TLT,0.08209224811972375
Risk Parity Shrinkage,IEF,0.18284364375389248
Risk Parity Shrinkage,SHY,0.40000000000001273
Risk Parity Shrinkage,GLD,0.06416018494010559
Risk Parity Shrinkage,VNQ,0.04748535008425144
Risk Parity Shrinkage,DBC,0.06462685661977109
Trend Filtered Equal Weight,SPY,0.11824252354663571
Trend Filtered Equal Weight,EFA,0.09298824707876663
Trend Filtered Equal Weight,EEM,0.0756563143056578
Trend Filtered Equal Weight,TLT,0.1553689275062772
Trend Filtered Equal Weight,IEF,0.1553689275062772
Trend Filtered Equal Weight,SHY,0.1553689275062772
Trend Filtered Equal Weight,GLD,0.0829582642118327
Trend Filtered Equal Weight,VNQ,0.09943150399318246
Trend Filtered Equal Weight,DBC,0.06461636434509069
Trend Filtered Minimum Variance,SPY,0.1097048679083519
Trend Filtered Minimum Variance,EFA,0.015607927916280195
Trend Filtered Minimum Variance,EEM,0.0035233807167989596
Trend Filtered Minimum Variance,TLT,0.01649875688418557
Trend Filtered Minimum Variance,IEF,0.39360633531460815
Trend Filtered Minimum Variance,SHY,0.40000000000001273
Trend Filtered Minimum Variance,GLD,0.025248782474059112
Trend Filtered Minimum Variance,VNQ,0.005287309368020693
Trend Filtered Minimum Variance,DBC,0.030522639417703463
Trend Filtered Risk Parity,SPY,0.07339299749585433
Trend Filtered Risk Parity,EFA,0.045846243156491
Trend Filtered Risk Parity,EEM,0.028764756959119897
Trend Filtered Risk Parity,TLT,0.10034875223362438
Trend Filtered Risk Parity,IEF,0.2229896561455058
Trend Filtered Risk Parity,SHY,0.40000000000001273
Trend Filtered Risk Parity,GLD,0.05044832793658745
Trend Filtered Risk Parity,VNQ,0.04161855759746001
Trend Filtered Risk Parity,DBC,0.03659070847535393
Dual Momentum Equal Weight,SPY,0.21473443746431056
Dual Momentum Equal Weight,EFA,0.1200266514372721
Dual Momentum Equal Weight,EEM,0.07005520654863961
Dual Momentum Equal Weight,TLT,0.11212640395964071
Dual Momentum Equal Weight,IEF,0.060060917570912316
Dual Momentum Equal Weight,SHY,0.04863887302493837
Dual Momentum Equal Weight,GLD,0.12411955073291245
Dual Momentum Equal Weight,VNQ,0.16438225775747065
Dual Momentum Equal Weight,DBC,0.08585570150390263
Dual Momentum Inverse Vol,SPY,0.2286911862853829
Dual Momentum Inverse Vol,EFA,0.11724869418018924
Dual Momentum Inverse Vol,EEM,0.056433794529624
Dual Momentum Inverse Vol,TLT,0.11063648814618009
Dual Momentum Inverse Vol,IEF,0.07207310108509495
Dual Momentum Inverse Vol,SHY,0.05176089853417102
Dual Momentum Inverse Vol,GLD,0.12978598340461295
Dual Momentum Inverse Vol,VNQ,0.15159084496792066
Dual Momentum Inverse Vol,DBC,0.08177900886682195
Equal Weight Vol Target 10%,SPY,0.13971071764445256
Equal Weight Vol Target 10%,EFA,0.13971071764445256
Equal Weight Vol Target 10%,EEM,0.13971071764445256
Equal Weight Vol Target 10%,TLT,0.13971071764445256
Equal Weight Vol Target 10%,IEF,0.13971071764445256
Equal Weight Vol Target 10%,SHY,0.13971071764445256
Equal Weight Vol Target 10%,GLD,0.13971071764445256
Equal Weight Vol Target 10%,VNQ,0.13971071764445256
Equal Weight Vol Target 10%,DBC,0.13971071764445256
Minimum Variance Vol Target 10%,SPY,0.14843763210587202
Minimum Variance Vol Target 10%,EFA,0.03266516738759385
Minimum Variance Vol Target 10%,EEM,0.006988025943057098
Minimum Variance Vol Target 10%,TLT,0.007147845448013545
Minimum Variance Vol Target 10%,IEF,0.5836525939511052
Minimum Variance Vol Target 10%,SHY,0.5966310048833554
Minimum Variance Vol Target 10%,GLD,0.02450049883653689
Minimum Variance Vol Target 10%,VNQ,0.003460409710077183
Minimum Variance Vol Target 10%,DBC,0.08809433394277737
Risk Parity Vol Target 10%,SPY,0.09397642461250134
Risk Parity Vol Target 10%,EFA,0.07727896745518088
Risk Parity Vol Target 10%,EEM,0.06020185039132211
Risk Parity Vol Target 10%,TLT,0.12382767612707181
Risk Parity Vol Target 10%,IEF,0.27046831960172635
Risk Parity Vol Target 10%,SHY,0.588010561287247
Risk Parity Vol Target 10%,GLD,0.09147383470075626
Risk Parity Vol Target 10%,VNQ,0.06809066790727002
Risk Parity Vol Target 10%,DBC,0.0966981011350421
Maximum Sharpe Vol Target 10%,SPY,0.3014931217176746
Maximum Sharpe Vol Target 10%,EFA,0.05510123299842589
Maximum Sharpe Vol Target 10%,EEM,0.012996558218261817
Maximum Sharpe Vol Target 10%,TLT,0.07925455293019824
Maximum Sharpe Vol Target 10%,IEF,0.233603909238442
Maximum Sharpe Vol Target 10%,SHY,0.44507258913905723
Maximum Sharpe Vol Target 10%,GLD,0.09410820276855496
Maximum Sharpe Vol Target 10%,VNQ,0.046163559171745965
Maximum Sharpe Vol Target 10%,DBC,0.08639444362784526
