strategy,annualized_alpha_vs_equal_weight,tracking_error_vs_equal_weight,information_ratio_vs_equal_weight,beta_vs_spy,upside_capture_vs_spy,downside_capture_vs_spy
Equal Weight,0.0,0.0,,0.42397668663180094,0.4475458554455787,0.5272314309448063
Inverse Volatility,-0.01840973933269276,0.04223639205371856,-0.43587386226736047,0.20849948600159754,0.2546427063710096,0.27020084293048674
Minimum Variance,-0.022832245757488247,0.06572346544691776,-0.3473986893756987,0.09798128287157896,0.1753110144447426,0.1421281091920035
Maximum Sharpe,-0.0063926470789659505,0.06726374508456319,-0.0950385244076016,0.21271503071492956,0.3016411249524205,0.27719652504756676
Risk Parity,-0.020895252093706025,0.05026822459713838,-0.4156751558497558,0.16629563038283898,0.22226886273726723,0.22289617641763285
Minimum Variance Shrinkage,-0.02372654697325941,0.06575833828125585,-0.3608142722794832,0.09370744849504449,0.17088907363381572,0.13969684282574737
Maximum Sharpe Shrinkage,-0.007645726063763576,0.06895643252232782,-0.11087763366075995,0.20547504168855213,0.27946992322065706,0.24277720423723465
Risk Parity Shrinkage,-0.020757591661155813,0.049341826938660835,-0.42068956398717383,0.17090195456496188,0.22545679103898147,0.2283261709441619
Trend Filtered Equal Weight,-0.0056909330173244505,0.06468648102260786,-0.08797716195653733,0.18556401413182433,0.34214763191867514,0.35626638091851975
Trend Filtered Minimum Variance,-0.021774883698374235,0.07465116883131678,-0.2916884496152657,0.05430338460114174,0.1677466966769153,0.11940408698259958
Trend Filtered Risk Parity,-0.020777348646910204,0.07117330215167927,-0.29192615796624216,0.07009964360065525,0.1928319829014028,0.1629524932121182
Dual Momentum Equal Weight,0.034914459526558334,0.08072404573313581,0.432516224991763,0.388017458416096,0.5240489454184121,0.4247939943653547
Dual Momentum Inverse Vol,0.031154689362683965,0.08104623265139986,0.3844063856328534,0.37218075078401147,0.5054562796829695,0.4143182847107448
Equal Weight Vol Target 10%,-0.003238863933137338,0.032173138106079864,-0.10066981723878776,0.42680860954500666,0.4808261058634016,0.6398412880758763
Minimum Variance Vol Target 10%,-0.006843099226247943,0.05913641168869161,-0.11571718727662536,0.14530827952452868,0.25494195763199423,0.21262693031807245
Risk Parity Vol Target 10%,-0.009151809880310224,0.0412351923084967,-0.22194172909009213,0.22899675705238756,0.3057394634518595,0.33021460287896914
Maximum Sharpe Vol Target 10%,0.015541429320575707,0.06866110663485886,0.22634982280762442,0.26201233645946126,0.38938942447239266,0.31543665078164457
