transaction_cost_bps,strategy,cagr,sharpe_ratio,max_drawdown,average_turnover
0.0,Equal Weight,0.04865566932345011,0.574971999541338,-0.1821019770974489,0.005555555555555556
0.0,Inverse Volatility,0.03240872435422837,0.6455363196943593,-0.1455072482241716,0.019523532079996988
0.0,Minimum Variance,0.028634309919485013,0.786336871470203,-0.1288664686890575,0.036455580420052806
0.0,Maximum Sharpe,0.04576539741113428,0.6730809934798692,-0.15485467653145346,0.32527074854214205
0.0,Risk Parity,0.030079136024933728,0.6464728888635065,-0.1427526063412018,0.0248215272958422
0.0,Minimum Variance Shrinkage,0.02770026048790797,0.756565954519247,-0.1296991420085979,0.035724554751558155
0.0,Maximum Sharpe Shrinkage,0.04417109938599051,0.6427916758691873,-0.15601938510616187,0.29458624546504325
0.0,Risk Parity Shrinkage,0.030195555240011496,0.644349952048816,-0.14328938298153782,0.023673530700191077
0.0,Trend Filtered Equal Weight,0.04546895462337952,0.624414220671759,-0.1992396276654994,0.23641975308641977
0.0,Trend Filtered Minimum Variance,0.030000578998168326,0.7618589527919772,-0.14420500518824897,0.09631196062767344
0.0,Trend Filtered Risk Parity,0.030916222705376528,0.6630882112848955,-0.15487744052571983,0.13214222033264958
0.0,Dual Momentum Equal Weight,0.08542660740979358,0.7718726374991224,-0.18029168695421294,0.33518518518518514
0.0,Dual Momentum Inverse Vol,0.08183477170043885,0.75373452391456,-0.17335364906857542,0.36977894012273615
0.0,Equal Weight Vol Target 10%,0.04109548465050761,0.45591597387930427,-0.19014519498377636,0.1733616095310602
0.0,Minimum Variance Vol Target 10%,0.04019146997482004,0.747595753952106,-0.18470685108168317,0.06794737299389839
0.0,Risk Parity Vol Target 10%,0.036916294765978463,0.5688075394795603,-0.19728379424101683,0.061557853267515485
0.0,Maximum Sharpe Vol Target 10%,0.06460223602775117,0.7867676151910347,-0.18537083365992013,0.5022053486606561
5.0,Equal Weight,0.04861822281963146,0.5745895399256455,-0.18210197709745013,0.005555555555555556
5.0,Inverse Volatility,0.03227830934110276,0.6431028125050827,-0.145581555742351,0.019523532079996988
5.0,Minimum Variance,0.028391584032897876,0.7799584504640487,-0.1291329828293094,0.036455580420052806
5.0,Maximum Sharpe,0.043564196048693216,0.6429400020659376,-0.15885520334834535,0.32527074854214205
5.0,Risk Parity,0.029913634891508334,0.643110465785304,-0.14285193586656675,0.0248215272958422
5.0,Minimum Variance Shrinkage,0.02746259579400956,0.7503461204938299,-0.12988174539204655,0.035724554751558155
5.0,Maximum Sharpe Shrinkage,0.04217968601367472,0.6158205272494921,-0.15989059840368836,0.29458624546504325
5.0,Risk Parity Shrinkage,0.030037694210061083,0.6411679885742112,-0.1433817661728436,0.023673530700191077
5.0,Trend Filtered Equal Weight,0.04387189365454347,0.6044433237149639,-0.2000735043221008,0.23641975308641977
5.0,Trend Filtered Minimum Variance,0.029358814528952726,0.7463972498130959,-0.1447575984452687,0.09631196062767344
5.0,Trend Filtered Risk Parity,0.030035046302657076,0.645286940399162,-0.1554649332725817,0.13214222033264958
5.0,Dual Momentum Equal Weight,0.08307533383426824,0.7530485279729601,-0.18165428076773604,0.33518518518518514
5.0,Dual Momentum Inverse Vol,0.079250187173459,0.7326391771596868,-0.17495334184747513,0.36977894012273615
5.0,Equal Weight Vol Target 10%,0.03990617163899546,0.44439203152483164,-0.19113614229174736,0.1733616095310602
5.0,Minimum Variance Vol Target 10%,0.039725726584834975,0.7394548188867901,-0.18541387665567055,0.06794737299389839
5.0,Risk Parity Vol Target 10%,0.0364954301086482,0.5628130136780457,-0.19802168214010418,0.061557853267515485
5.0,Maximum Sharpe Vol Target 10%,0.061081891248571996,0.7472840602534265,-0.1893438265051004,0.5022053486606561
10.0,Equal Weight,0.04858075906188275,0.5742057704694264,-0.18210197709744902,0.005555555555555556
10.0,Inverse Volatility,0.03214789114106664,0.6406645142639464,-0.14565585746194698,0.019523532079996988
10.0,Minimum Variance,0.028148890856037,0.7735657617031312,-0.12939942225071954,0.036455580420052806
10.0,Maximum Sharpe,0.04136682324900498,0.6127158769141972,-0.16283854472743453,0.32527074854214205
10.0,Risk Parity,0.029748139757004743,0.6397422581135899,-0.1429512550999169,0.0248215272958422
10.0,Minimum Variance Shrinkage,0.02722496224923665,0.7441133301671693,-0.13006431428555243,0.035724554751558155
10.0,Maximum Sharpe Shrinkage,0.04019143456813623,0.5887958168746618,-0.1637456806515878,0.29458624546504325
10.0,Risk Parity Shrinkage,0.029879836978463192,0.6379803969906256,-0.1434741404418085,0.023673530700191077
10.0,Trend Filtered Equal Weight,0.04227685427455974,0.5844178014594483,-0.20090669684424722,0.23641975308641977
10.0,Trend Filtered Minimum Variance,0.028717363816982422,0.7308896505058978,-0.14530990401146815,0.09631196062767344
10.0,Trend Filtered Risk Parity,0.02915449135210091,0.6274418735966855,-0.15647535566556559,0.13214222033264958
10.0,Dual Momentum Equal Weight,0.08072819328959135,0.73417141375382,-0.18301506197839124,0.33518518518518514
10.0,Dual Momentum Inverse Vol,0.076670688728113,0.711481184607228,-0.17655051980843883,0.36977894012273615
10.0,Equal Weight Vol Target 10%,0.03871814834725629,0.4328650575835248,-0.1921259023806593,0.1733616095310602
10.0,Minimum Variance Vol Target 10%,0.03926013311763987,0.7312992193516217,-0.18612030855125616,0.06794737299389839
10.0,Risk Parity Vol Target 10%,0.0360746819244977,0.5568123404536538,-0.198758907029283,0.061557853267515485
10.0,Maximum Sharpe Vol Target 10%,0.057571724908390465,0.7076766689957839,-0.1932986133205472,0.5022053486606561
20.0,Equal Weight,0.048505779718471365,0.573434311411018,-0.1821019770974499,0.005555555555555556
20.0,Inverse Volatility,0.03188704512777041,0.6357737524189573,-0.1458044435070065,0.019523532079996988
20.0,Minimum Variance,0.027663602570585866,0.7607389149894428,-0.12993207701333642,0.036455580420052806
20.0,Maximum Sharpe,0.03698354152559169,0.5520744471153229,-0.170753937180244,0.32527074854214205
20.0,Risk Parity,0.02941716743299949,0.6329888431809554,-0.14314986269435237,0.0248215272958422
20.0,Minimum Variance Shrinkage,0.02674978854651644,0.7316101292227917,-0.13042934862595779,0.035724554751558155
20.0,Maximum Sharpe Shrinkage,0.03622440080280165,0.5346242902438063,-0.17140769458807514,0.29458624546504325
20.0,Risk Parity Shrinkage,0.029564133858680064,0.6315886565019837,-0.14365886221577184,0.023673530700191077
20.0,Trend Filtered Equal Weight,0.03909283198502167,0.5442190080152207,-0.2025710311431277,0.23641975308641977
20.0,Trend Filtered Minimum Variance,0.02743540316077242,0.6997462239598171,-0.14696511647158084,0.09631196062767344
20.0,Trend Filtered Risk Parity,0.02739524435342089,0.5916320180958387,-0.1586011692734206,0.13214222033264958
20.0,Dual Momentum Equal Weight,0.07604628849582884,0.6962731143886944,-0.18573119382590408,0.33518518518518514
20.0,Dual Momentum Inverse Vol,0.07152691815188361,0.668996921601984,-0.17973734348867243,0.36977894012273615
20.0,Equal Weight Vol Target 10%,0.03634596541639423,0.40980286782257075,-0.19410186647211725,0.1733616095310602
20.0,Minimum Variance Vol Target 10%,0.03832939562715709,0.7149458320876985,-0.18753139323747903,0.06794737299389839
20.0,Risk Parity Vol Target 10%,0.03523353469841539,0.5447933643860711,-0.20023137010741798,0.061557853267515485
20.0,Maximum Sharpe Vol Target 10%,0.05058182391687871,0.628181199238881,-0.20115388206074902,0.5022053486606561
