strategy,total_return,cagr,annualized_volatility,sharpe_ratio,sortino_ratio,calmar_ratio,max_drawdown,downside_deviation,monthly_win_rate,daily_hit_rate,average_turnover,average_transaction_cost,best_month,worst_month,average_concentration_hhi,effective_number_of_assets,observations
Equal Weight,0.9342669713283585,0.04861822281963146,0.08963911615622683,0.5745895399256455,0.5387672120284482,0.26698349789806997,-0.18210197709745013,0.09559917040539623,0.592814371257485,0.5422615648201028,0.005555555555555556,2.777777777777778e-06,0.0688057828090558,-0.0743020117985509,0.11111111111111113,8.999999999999998,3502
Inverse Volatility,0.5550048449379064,0.03227830934110276,0.05146293646257928,0.6431028125050827,0.6058547213435583,0.2217197719622439,-0.145581555742351,0.05462688993404342,0.6167664670658682,0.5445459737292976,0.019523532079996988,9.761766039998494e-06,0.046424939442095914,-0.04984938473567935,0.21521607250884375,4.646493118950991,3502
Minimum Variance,0.4755867421676421,0.028391584032897876,0.036762795168127096,0.7799584504640487,0.7484777349489338,0.21986314736047294,-0.1291329828293094,0.03830902565994955,0.6047904191616766,0.548258138206739,0.036455580420052806,1.8227790210026405e-05,0.035675038623963706,-0.03971894577403101,0.33441020966924195,2.9903393230400437,3502
Maximum Sharpe,0.8086630938260557,0.043564196048693216,0.0701668138358504,0.6429400020659376,0.58304438873116,0.2742383952835561,-0.15885520334834535,0.07737498602937999,0.6526946107784432,0.5548258138206739,0.32527074854214205,0.00016263537427107106,0.06563714470865323,-0.06540172494189589,0.3199929711919132,3.1250686422117004,3502
Risk Parity,0.5062275616370868,0.029913634891508334,0.04759749381541062,0.643110465785304,0.6062909716897037,0.2094030767594894,-0.14285193586656675,0.050488045917180674,0.6047904191616766,0.5451170759565962,0.0248215272958422,1.24107636479211e-05,0.04502923547447346,-0.048823047894000715,0.22299142951784506,4.4844772831055115,3502
Minimum Variance Shrinkage,0.4571703765581443,0.02746259579400956,0.03702178338712007,0.7503461204938299,0.721893980275547,0.21144307624688927,-0.12988174539204655,0.0384809297449539,0.6107784431137725,0.5465448315248429,0.035724554751558155,1.7862277375779076e-05,0.03571335078989035,-0.038932858487258803,0.32744791914669746,3.053920765799698,3502
Maximum Sharpe Shrinkage,0.7756003872252761,0.04217968601367472,0.07122200463774891,0.6158205272494921,0.5588164757254566,0.2638034158029752,-0.15989059840368836,0.07848725718196695,0.6227544910179641,0.5551113649343232,0.29458624546504325,0.00014729312273252166,0.06770896526813219,-0.045135169430086,0.30370518478064457,3.2926668694255725,3502
Risk Parity Shrinkage,0.5087508805522292,0.030037694210061083,0.04795639738466631,0.6411679885742112,0.6047868352722423,0.20949451950432316,-0.1433817661728436,0.0508412304255117,0.6047904191616766,0.5442604226156482,0.023673530700191077,1.1836765350095542e-05,0.04521910029276466,-0.048865947951963085,0.22208813066598795,4.502716993480222,3502
Trend Filtered Equal Weight,0.8160882252083936,0.04387189365454347,0.07579662756905262,0.6044433237149639,0.5735435799910418,0.21927887854612457,-0.2000735043221008,0.07988018189470275,0.5988023952095808,0.5442604226156482,0.23641975308641977,0.00011820987654320988,0.05324925173487305,-0.05260295599445297,0.15536892750627762,6.436293382791069,3502
Trend Filtered Minimum Variance,0.4949905785434936,0.029358814528952726,0.03983242813477472,0.7463972498130959,0.73281744923648,0.20281363357967686,-0.1447575984452687,0.040570560709423706,0.6107784431137725,0.5454026270702456,0.09631196062767344,4.815598031383672e-05,0.03460524524538022,-0.03838450571483565,0.34147472535259593,2.9284744250615673,3502
Trend Filtered Risk Parity,0.5086969821843546,0.030035046302657076,0.04761966799704595,0.645286940399162,0.6223520514272491,0.1931949904741261,-0.1554649332725817,0.04937454579633487,0.5988023952095808,0.5442604226156482,0.13214222033264958,6.607111016632479e-05,0.039137410728044886,-0.04162546350863017,0.2467038002171864,4.053443842857901,3502
Dual Momentum Equal Weight,2.0314151681487638,0.08307533383426824,0.11476041028953361,0.7530485279729601,0.6858330714122793,0.45732659579043294,-0.18165428076773604,0.12600756895573484,0.5988023952095808,0.5591090805254141,0.33518518518518514,0.0001675925925925926,0.09349430822725435,-0.10812206285013037,0.34481883368234023,2.9000736105999265,3502
Dual Momentum Inverse Vol,1.885974531601546,0.079250187173459,0.11282550872407837,0.7326391771596868,0.6686216279202517,0.45297898477726456,-0.17495334184747513,0.12362804974069874,0.5988023952095808,0.5568246716162193,0.36977894012273615,0.00018488947006136812,0.08983104638264927,-0.10710559958087795,0.35112270738153223,2.8480072036850452,3502
Equal Weight Vol Target 10%,0.705753515995444,0.03990617163899546,0.09915020484412086,0.44439203152483164,0.4117107194895664,0.20878401730052326,-0.19113614229174736,0.1070206794989672,0.5853658536585366,0.5399825530677522,0.1733616095310602,8.66808047655301e-05,0.06906410749599923,-0.0728721936038983,0.18398665528356015,5.435176798332469,3439
Minimum Variance Vol Target 10%,0.7017187135909084,0.039725726584834975,0.054712370019547416,0.7394548188867901,0.7071021078001971,0.21425433360960922,-0.18541387665567055,0.057215676798835574,0.6036585365853658,0.5469613259668509,0.06794737299389839,3.39736864969492e-05,0.04770325195540481,-0.05866399878094897,0.7440008142762261,1.3440845504622374,3439
Risk Parity Vol Target 10%,0.6309681329223928,0.0364954301086482,0.06778204142847327,0.5628130136780457,0.5253561243530873,0.18430017215401176,-0.19802168214010418,0.07261477165909999,0.5914634146341463,0.5437627217214307,0.061557853267515485,3.0778926633757744e-05,0.05786739220356618,-0.06830129904114202,0.48492142736973803,2.062189756027279,3439
Maximum Sharpe Vol Target 10%,1.245901889854483,0.061081891248571996,0.08409366337773022,0.7472840602534265,0.6775827109195124,0.3225977438822206,-0.1893438265051004,0.092744181924618,0.6341463414634146,0.5539400988659494,0.5022053486606561,0.000251102674330328,0.0828275470069082,-0.08825357543129153,0.6092971704410433,1.6412352600885118,3439
