strategy,asset,average_component_risk_contribution,average_portfolio_volatility,risk_concentration,effective_number_of_risk_contributors
Dual Momentum Equal Weight,DBC,0.11119580822485857,0.11198305824608822,0.14759551681830368,6.775273541885708
Dual Momentum Equal Weight,EEM,0.09127470954410018,0.11198305824608822,0.14759551681830368,6.775273541885708
Dual Momentum Equal Weight,EFA,0.13168605689176202,0.11198305824608822,0.14759551681830368,6.775273541885708
Dual Momentum Equal Weight,GLD,0.10953347163898436,0.11198305824608822,0.14759551681830368,6.775273541885708
Dual Momentum Equal Weight,IEF,0.028733344760582296,0.11198305824608822,0.14759551681830368,6.775273541885708
Dual Momentum Equal Weight,SHY,0.007822280653013382,0.11198305824608822,0.14759551681830368,6.775273541885708
Dual Momentum Equal Weight,SPY,0.21595517900472874,0.11198305824608822,0.14759551681830368,6.775273541885708
Dual Momentum Equal Weight,TLT,0.10779320665833533,0.11198305824608822,0.14759551681830368,6.775273541885708
Dual Momentum Equal Weight,VNQ,0.1960059426236351,0.11198305824608822,0.14759551681830368,6.775273541885708
Dual Momentum Inverse Vol,DBC,0.10575870829924289,0.1086087413800885,0.146809090203097,6.811567312464039
Dual Momentum Inverse Vol,EEM,0.07314144882358528,0.1086087413800885,0.146809090203097,6.811567312464039
Dual Momentum Inverse Vol,EFA,0.13064350409517025,0.1086087413800885,0.146809090203097,6.811567312464039
Dual Momentum Inverse Vol,GLD,0.12051561519635856,0.1086087413800885,0.146809090203097,6.811567312464039
Dual Momentum Inverse Vol,IEF,0.04083604843674265,0.1086087413800885,0.146809090203097,6.811567312464039
Dual Momentum Inverse Vol,SHY,0.008206569688183707,0.1086087413800885,0.146809090203097,6.811567312464039
Dual Momentum Inverse Vol,SPY,0.23197500653060815,0.1086087413800885,0.146809090203097,6.811567312464039
Dual Momentum Inverse Vol,TLT,0.11803085918842102,0.1086087413800885,0.146809090203097,6.811567312464039
Dual Momentum Inverse Vol,VNQ,0.17089223974168746,0.1086087413800885,0.146809090203097,6.811567312464039
Equal Weight,DBC,0.1268696427374725,0.08634617495209321,0.16450790938828128,6.078735081604745
Equal Weight,EEM,0.2234337359194944,0.08634617495209321,0.16450790938828128,6.078735081604745
Equal Weight,EFA,0.17958214791706054,0.08634617495209321,0.16450790938828128,6.078735081604745
Equal Weight,GLD,0.09367467717794548,0.08634617495209321,0.16450790938828128,6.078735081604745
Equal Weight,IEF,0.01453278844844327,0.08634617495209321,0.16450790938828128,6.078735081604745
Equal Weight,SHY,0.0034370745431637397,0.08634617495209321,0.16450790938828128,6.078735081604745
Equal Weight,SPY,0.1577401688076771,0.08634617495209321,0.16450790938828128,6.078735081604745
Equal Weight,TLT,0.022219247818773224,0.08634617495209321,0.16450790938828128,6.078735081604745
Equal Weight,VNQ,0.17851051662996975,0.08634617495209321,0.16450790938828128,6.078735081604745
Inverse Volatility,DBC,0.1149435534742524,0.04764183179850038,0.12716691141908246,7.863680802189725
Inverse Volatility,EEM,0.15594517945617958,0.04764183179850038,0.12716691141908246,7.863680802189725
Inverse Volatility,EFA,0.1526376341768981,0.04764183179850038,0.12716691141908246,7.863680802189725
Inverse Volatility,GLD,0.11612240643199453,0.04764183179850038,0.12716691141908246,7.863680802189725
Inverse Volatility,IEF,0.0710647221606196,0.04764183179850038,0.12716691141908246,7.863680802189725
Inverse Volatility,SHY,0.03673886073255914,0.04764183179850038,0.12716691141908246,7.863680802189725
Inverse Volatility,SPY,0.1421287990044942,0.04764183179850038,0.12716691141908246,7.863680802189725
Inverse Volatility,TLT,0.05985111492921263,0.04764183179850038,0.12716691141908246,7.863680802189725
Inverse Volatility,VNQ,0.1505677296337898,0.04764183179850038,0.12716691141908246,7.863680802189725
Maximum Sharpe,DBC,0.13791597481384735,0.06027993090709415,0.19450776120135657,5.1411830243873355
Maximum Sharpe,EEM,0.021678373870727845,0.06027993090709415,0.19450776120135657,5.1411830243873355
Maximum Sharpe,EFA,0.06570038497323737,0.06027993090709415,0.19450776120135657,5.1411830243873355
Maximum Sharpe,GLD,0.10791366536803598,0.06027993090709415,0.19450776120135657,5.1411830243873355
Maximum Sharpe,IEF,0.14843478105732358,0.06027993090709415,0.19450776120135657,5.1411830243873355
Maximum Sharpe,SHY,0.030537064073227475,0.06027993090709415,0.19450776120135657,5.1411830243873355
Maximum Sharpe,SPY,0.3571434856876301,0.06027993090709415,0.19450776120135657,5.1411830243873355
Maximum Sharpe,TLT,0.06554279361211017,0.06027993090709415,0.19450776120135657,5.1411830243873355
Maximum Sharpe,VNQ,0.06513347654386012,0.06027993090709415,0.19450776120135657,5.1411830243873355
Maximum Sharpe Shrinkage,DBC,0.13640646371090712,0.06074991164886449,0.161599446051778,6.18814002419037
Maximum Sharpe Shrinkage,EEM,0.027504748818139954,0.06074991164886449,0.161599446051778,6.18814002419037
Maximum Sharpe Shrinkage,EFA,0.08325574658492851,0.06074991164886449,0.161599446051778,6.18814002419037
Maximum Sharpe Shrinkage,GLD,0.11911911304349881,0.06074991164886449,0.161599446051778,6.18814002419037
Maximum Sharpe Shrinkage,IEF,0.1555139447348124,0.06074991164886449,0.161599446051778,6.18814002419037
Maximum Sharpe Shrinkage,SHY,0.030979930604130384,0.06074991164886449,0.161599446051778,6.18814002419037
Maximum Sharpe Shrinkage,SPY,0.28836502616244863,0.06074991164886449,0.161599446051778,6.18814002419037
Maximum Sharpe Shrinkage,TLT,0.0694490876279176,0.06074991164886449,0.161599446051778,6.18814002419037
Maximum Sharpe Shrinkage,VNQ,0.08940593871321656,0.06074991164886449,0.161599446051778,6.18814002419037
Minimum Variance,DBC,0.11211613690389449,0.032820004432109584,0.31997003901127286,3.1252926151775386
Minimum Variance,EEM,0.007679434390663568,0.032820004432109584,0.31997003901127286,3.1252926151775386
Minimum Variance,EFA,0.04715772586833486,0.032820004432109584,0.31997003901127286,3.1252926151775386
Minimum Variance,GLD,0.03576829218172597,0.032820004432109584,0.31997003901127286,3.1252926151775386
Minimum Variance,IEF,0.5119348116557819,0.032820004432109584,0.31997003901127286,3.1252926151775386
Minimum Variance,SHY,0.08094474318772044,0.032820004432109584,0.31997003901127286,3.1252926151775386
Minimum Variance,SPY,0.1871969259980269,0.032820004432109584,0.31997003901127286,3.1252926151775386
Minimum Variance,TLT,0.011590126766980062,0.032820004432109584,0.31997003901127286,3.1252926151775386
Minimum Variance,VNQ,0.005611803046871799,0.032820004432109584,0.31997003901127286,3.1252926151775386
Minimum Variance Shrinkage,DBC,0.10582712057509693,0.033131702739458035,0.31608590610252385,3.163696895981327
Minimum Variance Shrinkage,EEM,0.012556057262855514,0.033131702739458035,0.31608590610252385,3.163696895981327
Minimum Variance Shrinkage,EFA,0.059279051531918654,0.033131702739458035,0.31608590610252385,3.163696895981327
Minimum Variance Shrinkage,GLD,0.04994927633911252,0.033131702739458035,0.31608590610252385,3.163696895981327
Minimum Variance Shrinkage,IEF,0.5225867741482447,0.033131702739458035,0.31608590610252385,3.163696895981327
Minimum Variance Shrinkage,SHY,0.08305555636156273,0.033131702739458035,0.31608590610252385,3.163696895981327
Minimum Variance Shrinkage,SPY,0.1349396695085706,0.033131702739458035,0.31608590610252385,3.163696895981327
Minimum Variance Shrinkage,TLT,0.01816521737900122,0.033131702739458035,0.31608590610252385,3.163696895981327
Minimum Variance Shrinkage,VNQ,0.013641276893637195,0.033131702739458035,0.31608590610252385,3.163696895981327
Risk Parity,DBC,0.11781884992367475,0.04341159443763119,0.11585872203781362,8.63120171197489
Risk Parity,EEM,0.11717896049966996,0.04341159443763119,0.11585872203781362,8.63120171197489
Risk Parity,EFA,0.11749098628674094,0.04341159443763119,0.11585872203781362,8.63120171197489
Risk Parity,GLD,0.1193410472093978,0.04341159443763119,0.11585872203781362,8.63120171197489
Risk Parity,IEF,0.12580361282993138,0.04341159443763119,0.11585872203781362,8.63120171197489
Risk Parity,SHY,0.0465455924144715,0.04341159443763119,0.11585872203781362,8.63120171197489
Risk Parity,SPY,0.11760239382019864,0.04341159443763119,0.11585872203781362,8.63120171197489
Risk Parity,TLT,0.12027327789268671,0.04341159443763119,0.11585872203781362,8.63120171197489
Risk Parity,VNQ,0.1179452791232283,0.04341159443763119,0.11585872203781362,8.63120171197489
Risk Parity Shrinkage,DBC,0.11694393949584776,0.04376146542097113,0.11610259197799082,8.613072137007645
Risk Parity Shrinkage,EEM,0.1227242137264659,0.04376146542097113,0.11610259197799082,8.613072137007645
Risk Parity Shrinkage,EFA,0.12195489028470705,0.04376146542097113,0.11610259197799082,8.613072137007645
Risk Parity Shrinkage,GLD,0.12209036858892894,0.04376146542097113,0.11610259197799082,8.613072137007645
Risk Parity Shrinkage,IEF,0.11826638175223912,0.04376146542097113,0.11610259197799082,8.613072137007645
Risk Parity Shrinkage,SHY,0.04545358746774829,0.04376146542097113,0.11610259197799082,8.613072137007645
Risk Parity Shrinkage,SPY,0.11975613744334732,0.04376146542097113,0.11610259197799082,8.613072137007645
Risk Parity Shrinkage,TLT,0.10963904588859483,0.04376146542097113,0.11610259197799082,8.613072137007645
Risk Parity Shrinkage,VNQ,0.12317143535212083,0.04376146542097113,0.11610259197799082,8.613072137007645
Trend Filtered Equal Weight,DBC,0.08560456185649047,0.07934776328273184,0.13849438364317618,7.220509407633813
Trend Filtered Equal Weight,EEM,0.15457886517725417,0.07934776328273184,0.13849438364317618,7.220509407633813
Trend Filtered Equal Weight,EFA,0.15291652287555088,0.07934776328273184,0.13849438364317618,7.220509407633813
Trend Filtered Equal Weight,GLD,0.08211544793423657,0.07934776328273184,0.13849438364317618,7.220509407633813
Trend Filtered Equal Weight,IEF,0.0536026930626293,0.07934776328273184,0.13849438364317618,7.220509407633813
Trend Filtered Equal Weight,SHY,0.008826178529228118,0.07934776328273184,0.13849438364317618,7.220509407633813
Trend Filtered Equal Weight,SPY,0.17116020467564225,0.07934776328273184,0.13849438364317618,7.220509407633813
Trend Filtered Equal Weight,TLT,0.11023659518395086,0.07934776328273184,0.13849438364317618,7.220509407633813
Trend Filtered Equal Weight,VNQ,0.1809589307050174,0.07934776328273184,0.13849438364317618,7.220509407633813
Trend Filtered Minimum Variance,DBC,0.06286418264933993,0.035666325208561445,0.3067376146748955,3.2601153303610255
Trend Filtered Minimum Variance,EEM,0.00624528549773479,0.035666325208561445,0.3067376146748955,3.2601153303610255
Trend Filtered Minimum Variance,EFA,0.03546438211841403,0.035666325208561445,0.3067376146748955,3.2601153303610255
Trend Filtered Minimum Variance,GLD,0.053484092550822815,0.035666325208561445,0.3067376146748955,3.2601153303610255
Trend Filtered Minimum Variance,IEF,0.49285007393911534,0.035666325208561445,0.3067376146748955,3.2601153303610255
Trend Filtered Minimum Variance,SHY,0.07696832128786597,0.035666325208561445,0.3067376146748955,3.2601153303610255
Trend Filtered Minimum Variance,SPY,0.21914450540475117,0.035666325208561445,0.3067376146748955,3.2601153303610255
Trend Filtered Minimum Variance,TLT,0.04019007902443426,0.035666325208561445,0.3067376146748955,3.2601153303610255
Trend Filtered Minimum Variance,VNQ,0.012789077527521701,0.035666325208561445,0.3067376146748955,3.2601153303610255
Trend Filtered Risk Parity,DBC,0.07024330591022897,0.04448835244074917,0.12841220843871587,7.787421555616695
Trend Filtered Risk Parity,EEM,0.08063364491124332,0.04448835244074917,0.12841220843871587,7.787421555616695
Trend Filtered Risk Parity,EFA,0.10022054568022148,0.04448835244074917,0.12841220843871587,7.787421555616695
Trend Filtered Risk Parity,GLD,0.09227822397718202,0.04448835244074917,0.12841220843871587,7.787421555616695
Trend Filtered Risk Parity,IEF,0.1861750119231507,0.04448835244074917,0.12841220843871587,7.787421555616695
Trend Filtered Risk Parity,SHY,0.05123337109211506,0.04448835244074917,0.12841220843871587,7.787421555616695
Trend Filtered Risk Parity,SPY,0.12999723899324533,0.04448835244074917,0.12841220843871587,7.787421555616695
Trend Filtered Risk Parity,TLT,0.17930718081091748,0.04448835244074917,0.12841220843871587,7.787421555616695
Trend Filtered Risk Parity,VNQ,0.1099114767016956,0.04448835244074917,0.12841220843871587,7.787421555616695
