shrinkage,strategy,total_return,cagr,annualized_volatility,sharpe_ratio,sortino_ratio,calmar_ratio,max_drawdown,downside_deviation,monthly_win_rate,daily_hit_rate,average_turnover,average_transaction_cost,best_month,worst_month,average_concentration_hhi,effective_number_of_assets,observations
0.0,Minimum Variance Shrinkage,0.4755867421676421,0.028391584032897876,0.036762795168127096,0.7799584504640487,0.7484777349489338,0.21986314736047294,-0.1291329828293094,0.03830902565994955,0.6047904191616766,0.548258138206739,0.036455580420052806,1.8227790210026405e-05,0.035675038623963706,-0.03971894577403101,0.33441020966924195,2.9903393230400437,3502
0.0,Maximum Sharpe Shrinkage,0.8086630938260557,0.043564196048693216,0.0701668138358504,0.6429400020659376,0.58304438873116,0.2742383952835561,-0.15885520334834535,0.07737498602937999,0.6526946107784432,0.5548258138206739,0.32527074854214205,0.00016263537427107106,0.06563714470865323,-0.06540172494189589,0.3199929711919132,3.1250686422117004,3502
0.0,Risk Parity Shrinkage,0.5062275616370868,0.029913634891508334,0.04759749381541062,0.643110465785304,0.6062909716897037,0.2094030767594894,-0.14285193586656675,0.050488045917180674,0.6047904191616766,0.5451170759565962,0.0248215272958422,1.24107636479211e-05,0.04502923547447346,-0.048823047894000715,0.22299142951784506,4.4844772831055115,3502
0.25,Minimum Variance Shrinkage,0.4571703765581443,0.02746259579400956,0.03702178338712007,0.7503461204938299,0.721893980275547,0.21144307624688927,-0.12988174539204655,0.0384809297449539,0.6107784431137725,0.5465448315248429,0.035724554751558155,1.7862277375779076e-05,0.03571335078989035,-0.038932858487258803,0.32744791914669746,3.053920765799698,3502
0.25,Maximum Sharpe Shrinkage,0.7756003872252761,0.04217968601367472,0.07122200463774891,0.6158205272494921,0.5588164757254566,0.2638034158029752,-0.15989059840368836,0.07848725718196695,0.6227544910179641,0.5551113649343232,0.29458624546504325,0.00014729312273252166,0.06770896526813219,-0.045135169430086,0.30370518478064457,3.2926668694255725,3502
0.25,Risk Parity Shrinkage,0.5087508805522292,0.030037694210061083,0.04795639738466631,0.6411679885742112,0.6047868352722423,0.20949451950432316,-0.1433817661728436,0.0508412304255117,0.6047904191616766,0.5442604226156482,0.023673530700191077,1.1836765350095542e-05,0.04521910029276466,-0.048865947951963085,0.22208813066598795,4.502716993480222,3502
0.5,Minimum Variance Shrinkage,0.44035704197493564,0.02660490596321763,0.03827944467771337,0.7051131534927433,0.6784520466654279,0.19788869618326374,-0.13444378823224423,0.03978371070338004,0.6107784431137725,0.5436893203883495,0.034890948692908236,1.744547434645412e-05,0.037755050309967064,-0.039503591652192194,0.3108306822330523,3.2171856163486057,3502
0.5,Maximum Sharpe Shrinkage,0.964085827331058,0.04977324194162569,0.07095636879093804,0.7201814947620253,0.6593041876059744,0.2850881092959009,-0.17458897905126114,0.07750817407106093,0.6467065868263473,0.5562535693889206,0.24831572978855776,0.0001241578648942789,0.0682128479169144,-0.047522970445709856,0.29363173135301723,3.405626481144012,3502
0.5,Risk Parity Shrinkage,0.514473630017066,0.03031834193301086,0.0484970501920636,0.6401771844347824,0.6043875018059551,0.21057809428215427,-0.1439767134200921,0.05136887336779421,0.5988023952095808,0.5431182181610509,0.02252082781020005,1.126041390510002e-05,0.04546103811390845,-0.04897544183796898,0.22075408159987023,4.529927568055384,3502
0.75,Minimum Variance Shrinkage,0.4293641278652538,0.026039092497036842,0.04073908886128967,0.6513966938027741,0.6224604481540013,0.18243259778943366,-0.1427326739440039,0.04263292209405727,0.5988023952095808,0.5434037692747001,0.032027875650918185,1.601393782545909e-05,0.0402899675278392,-0.042110733031127556,0.2835260150065726,3.527013208917772,3502
0.75,Maximum Sharpe Shrinkage,0.7564504421863274,0.04136679483092265,0.07169796696080011,0.6013216235061523,0.5464414765757197,0.22646351892772817,-0.1826642764661982,0.07889872885405796,0.6287425149700598,0.5539691604797259,0.22399563284353405,0.00011199781642176702,0.06734672076859649,-0.048583780049155756,0.2830644653361205,3.5327641666804257,3502
0.75,Risk Parity Shrinkage,0.5265326201799914,0.030906515716706107,0.0494091409859933,0.6408171056194899,0.6029376406628831,0.21362644560899144,-0.14467551350489383,0.05251326270321982,0.6047904191616766,0.5459737292975443,0.021180364047951858,1.0590182023975928e-05,0.04579868422390643,-0.049215998156665,0.21874051489711255,4.571626799316821,3502
