strategy,max_drawdown,average_drawdown,max_drawdown_duration_days,worst_1_month_return,worst_3_month_return,covid_crash_return_2020_02_19_to_2020_03_23,inflation_rate_shock_return_2022
Equal Weight,-0.18210197709745013,-0.03689954779645042,630,-0.0743020117985509,-0.09463456833595774,-0.1729795628979619,-0.12339056528353354
Inverse Volatility,-0.145581555742351,-0.024481753071527425,653,-0.04984938473567935,-0.07100905916164979,-0.08762353730931238,-0.10120774211299843
Minimum Variance,-0.1291329828293094,-0.02011618165893094,782,-0.03971894577403101,-0.0682861212398932,-0.03661407972662989,-0.09347628354416582
Maximum Sharpe,-0.15885520334834535,-0.04610242857719466,720,-0.06540172494189589,-0.095788772007946,-0.031668629177246665,-0.053138708934008405
Risk Parity,-0.14285193586656675,-0.024237363805762812,664,-0.048823047894000715,-0.07044383889509409,-0.07699671516476247,-0.09941178953708973
Minimum Variance Shrinkage,-0.12988174539204655,-0.020069704511433507,691,-0.038932858487258803,-0.0656609585209309,-0.03671218525749276,-0.09317551961533677
Maximum Sharpe Shrinkage,-0.15989059840368836,-0.049782614238489634,739,-0.045135169430086,-0.10360618498739083,-0.029346134268046775,-0.05553540346771413
Risk Parity Shrinkage,-0.1433817661728436,-0.02429672694107546,664,-0.048865947951963085,-0.0705073474291733,-0.07853978237404857,-0.0998106470942739
Trend Filtered Equal Weight,-0.2000735043221008,-0.04374484340653748,708,-0.05260295599445297,-0.10084552861586826,-0.01679097819874331,-0.1527904772244889
Trend Filtered Minimum Variance,-0.1447575984452687,-0.02270270916816436,708,-0.03838450571483565,-0.07831896633744406,0.009236268081541876,-0.11040241260068351
Trend Filtered Risk Parity,-0.1554649332725817,-0.027946900642418476,639,-0.04162546350863017,-0.0814429233105517,0.00428218249239487,-0.12357790151079673
Dual Momentum Equal Weight,-0.18165428076773604,-0.051039685710063336,467,-0.10812206285013037,-0.1017010969698171,-0.11886364658324367,-0.054143177269757814
Dual Momentum Inverse Vol,-0.17495334184747513,-0.05211082095417217,467,-0.10710559958087795,-0.10361885560083717,-0.11496582298651137,-0.08434958324404918
Equal Weight Vol Target 10%,-0.19113614229174736,-0.055727151198785935,684,-0.0728721936038983,-0.11034856373073132,-0.16274530881115823,-0.13741768369132346
Minimum Variance Vol Target 10%,-0.18541387665567055,-0.031019236665778813,786,-0.05866399878094897,-0.09868130448289325,-0.055052449734659725,-0.13934401608236513
Risk Parity Vol Target 10%,-0.19802168214010418,-0.039185740402115275,693,-0.06830129904114202,-0.09527759814739878,-0.1086419817985681,-0.15169987952594355
Maximum Sharpe Vol Target 10%,-0.1893438265051004,-0.056031145309986985,709,-0.08825357543129153,-0.1283042199230462,-0.047646565520501505,-0.035942617929423215
