subperiod,strategy,total_return,cagr,sharpe_ratio,max_drawdown,annualized_volatility,observations
2010-2014,Equal Weight,0.18803273174482338,0.04501975731901631,0.552240164776114,-0.08490044065250346,0.08653040825291539,986
2010-2014,Inverse Volatility,0.13606237682600741,0.03314096694391888,0.7345445201342684,-0.05318819696434118,0.04581820846128012,986
2010-2014,Minimum Variance,0.15670477445473074,0.03790664682053446,1.3450835972742496,-0.03460171385750799,0.02795306288500505,986
2010-2014,Maximum Sharpe,0.21544253116654244,0.05112959466313738,1.0589691226934503,-0.07052404933163814,0.048191320971466514,986
2010-2014,Risk Parity,0.1399764984497387,0.03404953856652848,0.8884792936439245,-0.05104644185670093,0.03852296698736083,986
2010-2014,Minimum Variance Shrinkage,0.1387884785369906,0.03377401336790831,1.1896141764209003,-0.039099333071175746,0.02825928350254879,986
2010-2014,Maximum Sharpe Shrinkage,0.29632092564965107,0.06857953850990084,1.453457353990562,-0.04316118422049642,0.04638248606030844,986
2010-2014,Risk Parity Shrinkage,0.1381333658528534,0.03362198830436314,0.8663177406791182,-0.05092845903731147,0.039054816819844795,986
2010-2014,Trend Filtered Equal Weight,0.1648150533679802,0.039761736464019704,0.5684382608944691,-0.08206461315108748,0.07333382487470992,986
2010-2014,Trend Filtered Minimum Variance,0.14882821737549734,0.03609572568595043,1.1904500380965877,-0.037055519461389075,0.030171000123011507,986
2010-2014,Trend Filtered Risk Parity,0.14668459320608385,0.035601279642068384,0.9178331168849146,-0.049180479741191885,0.03894260096180102,986
2010-2014,Dual Momentum Equal Weight,0.5648129577649557,0.12124453176327088,1.0286076855624153,-0.13623110972906827,0.1180725150963865,986
2010-2014,Dual Momentum Inverse Vol,0.5549247639005856,0.1194294234762574,1.0334967223828515,-0.12453462008672178,0.1156737461449342,986
2010-2014,Equal Weight Vol Target 10%,0.06778865108025167,0.01806881648097236,0.2349227537930693,-0.10724104705452275,0.09580541904793607,923
2010-2014,Minimum Variance Vol Target 10%,0.2027295007933103,0.051689839154091644,1.2174292978043149,-0.0515574247385574,0.042130206923347964,923
2010-2014,Risk Parity Vol Target 10%,0.148636269329812,0.03855906001121445,0.6771227242782437,-0.07577275500718028,0.05839717104948019,923
2010-2014,Maximum Sharpe Vol Target 10%,0.2726173638502811,0.06803354579811316,0.9685112306656862,-0.10680298491799411,0.07054116445638627,923
2015-2019,Equal Weight,0.2772899333540746,0.0502475914121423,0.7585823372340164,-0.13117270000393344,0.06765331654381912,1258
2015-2019,Inverse Volatility,0.19510832786096666,0.03634908272572246,0.949336317031085,-0.06955101992563206,0.03838856798283578,1258
2015-2019,Minimum Variance,0.18369453818204828,0.03435880652713963,1.2657161802582322,-0.03013882938442236,0.026979156369372925,1258
2015-2019,Maximum Sharpe,0.06334644623473729,0.012379723871152493,0.23561069528634415,-0.13925322109029326,0.059837586939378046,1258
2015-2019,Risk Parity,0.19334385865600856,0.036042400006307984,0.9869826180376537,-0.06475837984031718,0.0365547713038232,1258
2015-2019,Minimum Variance Shrinkage,0.17553135845583,0.03292592035696851,1.2055447119526308,-0.03439420106338187,0.027180223943319492,1258
2015-2019,Maximum Sharpe Shrinkage,0.031998889528199514,0.006329480371880525,0.13139948370481638,-0.15798711317657754,0.06330662835606012,1258
2015-2019,Risk Parity Shrinkage,0.19320801977010071,0.03601877479481841,0.9814026450903741,-0.06508638104839892,0.036746535664384884,1258
2015-2019,Trend Filtered Equal Weight,0.2630197492213302,0.0478865671366242,0.7978145435480987,-0.08267171886296265,0.06096623617893296,1258
2015-2019,Trend Filtered Minimum Variance,0.19215688627977734,0.03583588803668114,1.1717627403424986,-0.03139659230092695,0.030445305058886263,1258
2015-2019,Trend Filtered Risk Parity,0.20168203823983744,0.03748848268039051,0.9940181856683095,-0.045131064284458344,0.037743935226619285,1258
2015-2019,Dual Momentum Equal Weight,0.3448390701474937,0.061145596525707946,0.6398845377310668,-0.18165428076773582,0.10070585037934665,1258
2015-2019,Dual Momentum Inverse Vol,0.32438497617637085,0.05789276106476082,0.6221044521389884,-0.17495334184747469,0.09825654317799085,1258
2015-2019,Equal Weight Vol Target 10%,0.35697405897591494,0.0630567812546261,0.7069677571196251,-0.1792614282146503,0.09257436980990372,1258
2015-2019,Minimum Variance Vol Target 10%,0.28606822547027555,0.05168951412837375,1.2657161802582322,-0.04497824013234497,0.040468734554059395,1258
2015-2019,Risk Parity Vol Target 10%,0.3003408090904003,0.05401721625788225,0.9869826180376532,-0.09600082828906353,0.054832156955734804,1258
2015-2019,Maximum Sharpe Vol Target 10%,0.10652430574981753,0.02048392898190987,0.29343459035556724,-0.1893438265051003,0.0800748181278925,1258
2020-2021,Equal Weight,0.23949375850799592,0.11308889767646457,0.9321451502102471,-0.18188008194548244,0.12317413290367527,505
2020-2021,Inverse Volatility,0.1164730168856325,0.05651761236886488,0.8962050750656745,-0.10029475454786518,0.06362243625343642,505
2020-2021,Minimum Variance,0.08270433115440756,0.040448932270385374,1.0289274563942086,-0.058258352372906996,0.03929264710574863,505
2020-2021,Maximum Sharpe,0.2644942861934949,0.12423610300108323,1.5357243966795915,-0.06458925337051058,0.07827225309697206,505
2020-2021,Risk Parity,0.08608155365975789,0.04206716428863144,0.7611691610783464,-0.09302175493306963,0.056227202802683875,505
2020-2021,Minimum Variance Shrinkage,0.07979107479827019,0.039050981827909004,0.99582905793129,-0.05846487044591697,0.039246484813589826,505
2020-2021,Maximum Sharpe Shrinkage,0.20602963199189883,0.09799013151862868,1.2428036755162455,-0.06461070642803068,0.07766775462171077,505
2020-2021,Risk Parity Shrinkage,0.08883695619942444,0.0433855781337551,0.7720176890252451,-0.09408425659997577,0.057142827427425595,505
2020-2021,Trend Filtered Equal Weight,0.29213216882129545,0.13643150355190836,1.5055415560029328,-0.08005693816493487,0.08751378010976425,505
2020-2021,Trend Filtered Minimum Variance,0.10860233909111239,0.052794391867039714,1.2772854005561296,-0.04500465270937337,0.0409390958556653,505
2020-2021,Trend Filtered Risk Parity,0.12454515698415336,0.060322500935342305,1.1710979863164752,-0.055423524476778896,0.051137281077541875,505
2020-2021,Dual Momentum Equal Weight,0.20658452925018467,0.09824219629107622,0.7705792912225027,-0.15487665408232,0.1331952355470688,505
2020-2021,Dual Momentum Inverse Vol,0.19484287567610914,0.09289604382241246,0.745528450734965,-0.15343005050170233,0.13067319518835513,505
2020-2021,Equal Weight Vol Target 10%,0.1655228952275809,0.07943014506208579,0.7360098577359712,-0.16889847665161883,0.11253585349772569,505
2020-2021,Minimum Variance Vol Target 10%,0.11573617898500776,0.056169610606044085,0.9727189700991682,-0.08643919917205023,0.057918785419902544,505
2020-2021,Risk Parity Vol Target 10%,0.08283174003326321,0.040510027450606056,0.5765754870496655,-0.1242164825112948,0.07361797791443377,505
2020-2021,Maximum Sharpe Vol Target 10%,0.31898789622465906,0.14815720324229864,1.4985798817725204,-0.07467501903182694,0.09525920548013363,505
2022,Equal Weight,-0.12339056528353354,-0.12385038075995114,-0.9940743487285013,-0.17919840339202242,0.12510893160244174,251
2022,Inverse Volatility,-0.10120774211299843,-0.10158974914485053,-1.2727779415742375,-0.1417549533246394,0.08154164986424992,251
2022,Minimum Variance,-0.09347628354416582,-0.09383065451265238,-1.4645072372907089,-0.12331514015925449,0.06578786458586071,251
2022,Maximum Sharpe,-0.053138708934008405,-0.05334466722095865,-0.33811536155095273,-0.14838910386564907,0.13506848207834982,251
2022,Risk Parity,-0.09941178953708973,-0.09978740057159663,-1.2805956761787098,-0.1372832181245891,0.07960129413719566,251
2022,Minimum Variance Shrinkage,-0.09317551961533677,-0.09352881016232262,-1.4499310659138058,-0.12420094425905337,0.06620098998042082,251
2022,Maximum Sharpe Shrinkage,-0.05553540346771413,-0.05575037479963929,-0.348404745122382,-0.1545788370099448,0.137448652897836,251
2022,Risk Parity Shrinkage,-0.0998106470942739,-0.10018767983403698,-1.2838076189055945,-0.138066285163984,0.07973986430457827,251
2022,Trend Filtered Equal Weight,-0.1527904772244889,-0.15334994769947397,-1.5066787960595798,-0.2000735043221008,0.10667240016908619,251
2022,Trend Filtered Minimum Variance,-0.11040241260068351,-0.110816939591037,-1.5840666596189201,-0.14475759844526914,0.0724720358874751,251
2022,Trend Filtered Risk Parity,-0.12357790151079673,-0.12403836461007878,-1.6321982174543777,-0.15546493327258093,0.07919578511667823,251
2022,Dual Momentum Equal Weight,-0.054143177269757814,-0.054352915931910495,-0.3138477739300793,-0.15088599460757657,0.1446129827921846,251
2022,Dual Momentum Inverse Vol,-0.08434958324404918,-0.08467099172131065,-0.5343861629582045,-0.15768924019874175,0.14561796034917016,251
2022,Equal Weight Vol Target 10%,-0.13741768369132346,-0.13792554595115225,-1.2733459777406593,-0.1757599435830539,0.11162715371078538,251
2022,Minimum Variance Vol Target 10%,-0.13934401608236513,-0.13985840568364882,-1.5387451437781914,-0.17712295988241056,0.09495192297967177,251
2022,Risk Parity Vol Target 10%,-0.15169987952594355,-0.15225572525112652,-1.541606219957847,-0.19012831734294855,0.1036270101581037,251
2022,Maximum Sharpe Vol Target 10%,-0.035942617929423215,-0.03608320051099223,-0.32842513161385534,-0.11171795115239602,0.097422369261926,251
2023-2024,Equal Weight,0.17313511824554229,0.08345820137272497,1.01983331404442,-0.0786351810102962,0.08189986723356929,502
2023-2024,Inverse Volatility,0.14133922226529627,0.068616173766604,1.1983161422003692,-0.05050583129820152,0.05673134043234133,502
2023-2024,Minimum Variance,0.0980282859187771,0.04806367128139222,0.9991333728014363,-0.03962586934398327,0.04814879199625406,502
2023-2024,Maximum Sharpe,0.1688135290532291,0.0814527905672171,1.0956782948011894,-0.08088953645790853,0.07397956260129593,502
2023-2024,Risk Parity,0.13198427746089747,0.06421027855439321,1.1366366078862764,-0.04938536839357954,0.05614492537528969,502
2023-2024,Minimum Variance Shrinkage,0.11165514187294012,0.054572918497917566,1.1166647270334387,-0.03988512206857542,0.04864841504790063,502
2023-2024,Maximum Sharpe Shrinkage,0.1652250380047111,0.0797847622315877,1.06749469753847,-0.07977790961691478,0.07452412288672394,502
2023-2024,Risk Parity Shrinkage,0.1334738175324146,0.06491301720444187,1.1471871656697086,-0.0495526632649782,0.05620718920369983,502
2023-2024,Trend Filtered Equal Weight,0.12764411872106596,0.06216003849702112,0.7781955914967598,-0.08211470942793431,0.08180314079604771,502
2023-2024,Trend Filtered Minimum Variance,0.10682908485095499,0.052272186422067435,1.0249383032790467,-0.03809987915150348,0.050984255119723,502
2023-2024,Trend Filtered Risk Parity,0.11090841223051795,0.05421725490767337,0.9287639400313397,-0.05233615726912455,0.058709482642327546,502
2023-2024,Dual Momentum Equal Weight,0.26220389063002325,0.12399973922349217,1.181125089308597,-0.08232754524809183,0.1035338792854663,502
2023-2024,Dual Momentum Inverse Vol,0.28093877608886175,0.13234400795397794,1.2660531461874067,-0.08174629985153503,0.1023353151915412,502
2023-2024,Equal Weight Vol Target 10%,0.17094924110293142,0.08244431721817058,0.8448130574291501,-0.09876313860215391,0.09967237270918738,502
2023-2024,Minimum Variance Vol Target 10%,0.14568359478167348,0.07065612526624765,0.9845768586301508,-0.059174034924467156,0.07197894944173865,502
2023-2024,Risk Parity Vol Target 10%,0.18876292441546538,0.09067966977403441,1.0971942100884473,-0.07337194344883591,0.08220391048160729,502
2023-2024,Maximum Sharpe Vol Target 10%,0.25426205347177966,0.12044394569043493,1.2288523237559692,-0.09482269380535835,0.09634785380678355,502
Full sample,Equal Weight,0.9342669713283585,0.04861822281963146,0.5745895399256455,-0.18210197709745013,0.08963911615622683,3502
Full sample,Inverse Volatility,0.5550048449379064,0.03227830934110276,0.6431028125050827,-0.145581555742351,0.05146293646257928,3502
Full sample,Minimum Variance,0.4755867421676421,0.028391584032897876,0.7799584504640487,-0.1291329828293094,0.036762795168127096,3502
Full sample,Maximum Sharpe,0.8086630938260557,0.043564196048693216,0.6429400020659376,-0.15885520334834535,0.0701668138358504,3502
Full sample,Risk Parity,0.5062275616370868,0.029913634891508334,0.643110465785304,-0.14285193586656675,0.04759749381541062,3502
Full sample,Minimum Variance Shrinkage,0.4571703765581443,0.02746259579400956,0.7503461204938299,-0.12988174539204655,0.03702178338712007,3502
Full sample,Maximum Sharpe Shrinkage,0.7756003872252761,0.04217968601367472,0.6158205272494921,-0.15989059840368836,0.07122200463774891,3502
Full sample,Risk Parity Shrinkage,0.5087508805522292,0.030037694210061083,0.6411679885742112,-0.1433817661728436,0.04795639738466631,3502
Full sample,Trend Filtered Equal Weight,0.8160882252083936,0.04387189365454347,0.6044433237149639,-0.2000735043221008,0.07579662756905262,3502
Full sample,Trend Filtered Minimum Variance,0.4949905785434936,0.029358814528952726,0.7463972498130959,-0.1447575984452687,0.03983242813477472,3502
Full sample,Trend Filtered Risk Parity,0.5086969821843546,0.030035046302657076,0.645286940399162,-0.1554649332725817,0.04761966799704595,3502
Full sample,Dual Momentum Equal Weight,2.0314151681487638,0.08307533383426824,0.7530485279729601,-0.18165428076773604,0.11476041028953361,3502
Full sample,Dual Momentum Inverse Vol,1.885974531601546,0.079250187173459,0.7326391771596868,-0.17495334184747513,0.11282550872407837,3502
Full sample,Equal Weight Vol Target 10%,0.705753515995444,0.03990617163899546,0.44439203152483164,-0.19113614229174736,0.09915020484412086,3439
Full sample,Minimum Variance Vol Target 10%,0.7017187135909084,0.039725726584834975,0.7394548188867901,-0.18541387665567055,0.054712370019547416,3439
Full sample,Risk Parity Vol Target 10%,0.6309681329223928,0.0364954301086482,0.5628130136780457,-0.19802168214010418,0.06778204142847327,3439
Full sample,Maximum Sharpe Vol Target 10%,1.245901889854483,0.061081891248571996,0.7472840602534265,-0.1893438265051004,0.08409366337773022,3439
