strategy,total_return,cagr,annualized_volatility,sharpe_ratio,sortino_ratio,calmar_ratio,max_drawdown,downside_deviation,monthly_win_rate,daily_hit_rate,average_turnover,average_transaction_cost,best_month,worst_month,average_concentration_hhi,effective_number_of_assets,observations,target_volatility,average_leverage,max_leverage
Equal Weight Vol Target 8%,0.5561544038384356,0.0329351748843314,0.08308610306724386,0.4316750819657446,0.39829550054241136,0.18556598135968608,-0.17748498212338026,0.09004922300885415,0.5792682926829268,0.539400988659494,0.2008285862878441,0.00010041429314392204,0.0592201703678612,-0.0591312333563182,0.13862464927162343,7.21372429257212,3439,0.08,1.0765338592526907,1.5
Minimum Variance Vol Target 8%,0.6765703646797736,0.038592019245728304,0.052205506983168684,0.7514977380096535,0.7153293744779876,0.2221927736064659,-0.1736871034072427,0.05484511304757793,0.6036585365853658,0.5469613259668509,0.08044590426439438,4.0222952132197184e-05,0.041357318238952834,-0.05102532449724373,0.7228834915095574,1.3833487854477844,3439,0.08,1.4668748425141072,1.5
Risk Parity Vol Target 8%,0.610446181467794,0.03553414061448068,0.06411362319501804,0.5767559268641342,0.5386905443234249,0.20604140347064667,-0.17246116564888858,0.06864407136921877,0.5914634146341463,0.5437627217214307,0.09134510441664406,4.567255220832204e-05,0.05418971311944554,-0.05489513538479551,0.46604010901243237,2.1457380612991903,3439,0.08,1.4341537688812203,1.5
Maximum Sharpe Vol Target 8%,1.1715704790490924,0.05846821759232568,0.07443997570265698,0.8007334794141007,0.7281286078710342,0.34276899742051276,-0.17057615488076427,0.08186270956469152,0.6280487804878049,0.5539400988659494,0.49972644052863063,0.0002498632202643153,0.08273199460485703,-0.07540629979696511,0.5349583897162301,1.8693042659457164,3439,0.08,1.2516581732251266,1.5
Equal Weight Vol Target 10%,0.705753515995444,0.03990617163899546,0.09915020484412086,0.44439203152483164,0.4117107194895664,0.20878401730052326,-0.19113614229174736,0.1070206794989672,0.5853658536585366,0.5399825530677522,0.1733616095310602,8.66808047655301e-05,0.06906410749599923,-0.0728721936038983,0.18398665528356015,5.435176798332469,3439,0.1,1.2573964588000728,1.5
Minimum Variance Vol Target 10%,0.7017187135909084,0.039725726584834975,0.054712370019547416,0.7394548188867901,0.7071021078001971,0.21425433360960922,-0.18541387665567055,0.057215676798835574,0.6036585365853658,0.5469613259668509,0.06794737299389839,3.39736864969492e-05,0.04770325195540481,-0.05866399878094897,0.7440008142762261,1.3440845504622374,3439,0.1,1.491577512208389,1.5
Risk Parity Vol Target 10%,0.6309681329223928,0.0364954301086482,0.06778204142847327,0.5628130136780457,0.5253561243530873,0.18430017215401176,-0.19802168214010418,0.07261477165909999,0.5914634146341463,0.5437627217214307,0.061557853267515485,3.0778926633757744e-05,0.05786739220356618,-0.06830129904114202,0.48492142736973803,2.062189756027279,3439,0.1,1.4700264032181183,1.5
Maximum Sharpe Vol Target 10%,1.245901889854483,0.061081891248571996,0.08409366337773022,0.7472840602534265,0.6775827109195124,0.3225977438822206,-0.1893438265051004,0.092744181924618,0.6341463414634146,0.5539400988659494,0.5022053486606561,0.000251102674330328,0.0828275470069082,-0.08825357543129153,0.6092971704410433,1.6412352600885118,3439,0.1,1.3541881698102058,1.5
Equal Weight Vol Target 12%,0.8319211764487213,0.045358008413673545,0.1109497710284998,0.4554804817119863,0.4233237986733029,0.2177462989907057,-0.20830667902929367,0.11937777963883398,0.5853658536585366,0.5402733352718814,0.11572184293714664,5.786092146857333e-05,0.08280840658679267,-0.09011332667962102,0.21600246493768432,4.62957679806337,3439,0.12,1.3743743496179939,1.5
Minimum Variance Vol Target 12%,0.7225041620042054,0.04065109154416735,0.0553656197199708,0.7474473314906619,0.7171051515013491,0.21572628604602334,-0.18843828579839728,0.05770825189217886,0.6036585365853658,0.5469613259668509,0.05587928999233596,2.7939644996167985e-05,0.053537270926308,-0.05922239753226033,0.751497750612715,1.3306759723294912,3439,0.12,1.499647738618681,1.5
Risk Parity Vol Target 12%,0.6530498344198319,0.0375173416680179,0.06989843933284863,0.5619593627597511,0.5258286903294546,0.18197274915186004,-0.20617010977126526,0.07470129178531139,0.5914634146341463,0.5437627217214307,0.051225060834344936,2.5612530417172462e-05,0.05813082888287435,-0.07263405700230485,0.4927901701815967,2.0292612566348325,3439,0.12,1.484943006004836,1.5
Maximum Sharpe Vol Target 12%,1.2428449643512494,0.060975993823688235,0.09090574223163891,0.6967761040433023,0.6308261392398657,0.30398816236385146,-0.2005867378174564,0.10040951851432592,0.6402439024390244,0.5539400988659494,0.5007164334295832,0.0002503582167147916,0.0828275470069082,-0.09442247153181904,0.6565810864454384,1.5230411302490352,3439,0.12,1.4167786787012466,1.5
