date,SPY,EFA,EEM,TLT,IEF,SHY,GLD,VNQ,DBC
2025-01-02,574.7994995117,71.6157608032,40.5649566650,81.6508026123,87.0475692749,77.2877426147,245.4199981689,83.3153762817,20.8870258331
2025-01-03,581.9865112305,71.9294052124,40.9437980652,81.3897247314,86.9063949585,77.2877426147,243.4900054932,84.4100189209,20.7806072235
2025-01-06,585.3390502930,72.6137161255,41.0895042419,81.0261154175,86.8217010498,77.3065795898,243.1900024414,83.3248138428,20.8193054199
2025-01-07,578.7222900391,72.5566864014,40.7980880737,80.1123199463,86.4264602661,77.2594528198,244.5599975586,82.5321426392,20.9160499573
2025-01-08,579.5678710938,72.4426422119,40.6038093567,80.2148971558,86.5770111084,77.3065795898,245.8600006104,82.7491836548,20.8773517609
2025-01-10,570.7193603516,71.3401260376,39.9141311646,79.6834259033,85.9465255737,77.1651535034,248.2100067139,80.7297592163,21.4384670258
2025-01-13,571.6041870117,71.1405334473,39.6421432495,79.6554641724,85.7959289551,77.1839904785,245.7400054932,81.7205963135,21.5932559967
2025-01-14,572.3907470703,71.3971557617,40.0889816284,79.5249404907,85.8241653442,77.2028884888,247.0299987793,82.4660873413,21.5835819244
2025-01-15,582.8025512695,72.3095855713,40.6135292053,80.8955612183,86.7275924683,77.3726119995,248.8800048828,82.9379119873,21.9318618774
2025-01-16,581.6817626953,72.6802520752,40.5649566650,81.1566238403,86.9346313477,77.4197540283,250.6000061035,84.6553726196,21.8351173401
2025-01-17,587.5217895508,72.9748840332,40.8855133057,81.2965087891,87.0005111694,77.4008941650,249.2700042725,84.5987472534,21.7383728027
2025-01-21,592.8995971680,74.4480743408,41.3226356506,82.0237655640,87.2922363281,77.4291992188,253.1300048828,86.1840972900,21.6319561005
2025-01-22,596.2326049805,74.2770004272,41.3517799377,81.5948638916,87.0663528442,77.4103393555,254.4299926758,84.6836776733,21.6126060486
2025-01-23,599.4868164062,74.8852767944,41.4489135742,80.9608306885,86.8405227661,77.4103393555,254.0700073242,85.3064956665,21.5352115631
2025-01-24,597.7367553711,75.3034744263,41.7209053040,81.3244705200,87.0193176270,77.4574890137,255.6499938965,85.5990142822,21.5448856354
2025-01-27,589.2815551758,75.3034744263,40.9632225037,82.2848358154,87.5839385986,77.5706405640,252.9900054932,86.7408447266,21.2159557343
2025-01-28,594.3448486328,75.2084197998,41.2643508911,82.2288818359,87.5933609009,77.5895004272,255.1799926758,85.6933975220,21.2353057861
2025-01-29,591.6804809570,75.1989212036,41.2740707397,82.0610656738,87.4898376465,77.5423507690,254.1999969482,84.5610122681,21.2740020752
2025-01-30,594.8561401367,76.0257949829,41.9734611511,82.3687591553,87.6780471802,77.5895004272,258.0499877930,85.6367645264,21.2933502197
2025-01-31,591.6903686523,75.3129730225,41.4974861145,81.8279800415,87.5368957520,77.5989379883,258.5599975586,85.4480438232,21.2546520233
2025-02-03,587.7084960938,74.4290618896,41.1963539124,82.4942092896,87.5992050171,77.5450057983,259.9400024414,85.2687377930,21.4191169739
2025-02-04,591.6511230469,75.2939682007,41.9346084595,82.7468643188,87.8163528442,77.6207046509,262.5000000000,85.3348007202,21.4771652222
2025-02-05,594.0499267578,76.0257949829,41.8277549744,84.1130218506,88.3261260986,77.6679916382,264.1300048828,86.5332489014,21.3417224884
2025-02-06,596.1146850586,76.3869705200,42.0026092529,84.0756072998,88.2222747803,77.6395950317,263.4299926758,86.7502822876,21.3513965607
2025-02-07,590.6580200195,75.6646423340,41.9637489319,83.5328750610,87.9296264648,77.5544586182,263.8999938965,86.4671859741,21.3610706329
2025-02-10,594.6692504883,76.1778793335,42.4688682556,83.2802276611,87.9107437134,77.5923156738,268.3699951172,86.4294357300,21.6706523895
2025-02-11,595.1216430664,76.5390396118,42.3037338257,82.7468643188,87.6841735840,77.5733566284,267.3900146484,86.8069000244,21.8351173401
2025-02-12,593.2044067383,76.8241806030,42.5368652344,81.6239852905,87.0799713135,77.4693145752,267.6700134277,86.0047988892,21.5932559967
2025-02-13,599.4671630859,77.7556076050,42.8088493347,82.9807968140,87.7313690186,77.5733566284,270.3099975586,86.8635177612,21.6996765137
2025-02-14,599.4377441406,77.8696670532,43.1391220093,83.4205932617,88.0995635986,77.6774597168,266.2900085449,86.4671859741,21.7093505859
2025-02-18,601.1976318359,78.4304199219,43.4111099243,82.4380569458,87.6275177002,77.6112442017,270.7000122070,86.8540878296,22.0286045074
2025-02-19,602.6132202148,77.6225433350,43.3431129456,82.5409774780,87.7691497803,77.6679916382,270.8500061035,86.9201354980,22.2027454376
2025-02-20,600.1062622070,77.9837188721,43.7413825989,82.8497848511,87.9485092163,77.6774597168,270.9899902344,87.3353576660,22.2317676544
2025-02-21,589.8420410156,77.4989852905,43.6151008606,83.8510055542,88.4677429199,77.8099136353,270.7399902344,86.4766159058,21.9221858978
2025-02-24,587.1580200195,77.4514617920,42.9448432922,84.0943222046,88.6565704346,77.8667068481,272.2099914551,86.8163299561,21.8447914124
2025-02-25,584.2379150391,78.1547927856,42.9739875793,85.5446929932,89.3551406860,77.9707641602,268.6199951172,87.8826675415,21.6029319763
2025-02-26,584.5328979492,78.2593383789,43.4013977051,86.0499877930,89.6006240845,77.9991531372,269.0299987793,87.5146484375,21.4191169739
2025-02-27,575.2025756836,77.3754348755,42.5562934875,85.4417648315,89.4967727661,78.0275268555,264.9299926758,87.8638000488,21.4481410980
2025-02-28,584.1788940430,77.5370101929,41.9734611511,86.4897766113,89.9876785278,78.1694488525,263.2699890137,88.6092910767,21.2836761475
2025-03-03,573.9441528320,78.3924102783,41.6043395996,86.8934097290,90.3143157959,78.2197494507,266.7399902344,89.0244979858,21.1482353210
2025-03-04,567.1505126953,78.3733901978,41.9540328979,85.8233413696,90.0302658081,78.2292327881,269.0599975586,87.9959106445,21.2159557343
2025-03-05,573.2460327148,80.2457656860,43.2071189880,85.1380996704,89.5284652710,78.1438140869,269.6199951172,88.9773101807,21.1579093933
2025-03-06,563.0703735352,79.4188766479,42.9351310730,84.8564834595,89.4811477661,78.1912689209,268.2500000000,86.6936721802,21.0514907837
2025-03-07,566.2261962891,80.2457656860,43.1488342285,84.5842819214,89.3675308228,78.1817932129,268.3900146484,87.2126770020,21.2353057861
2025-03-10,551.1444091797,78.3543853760,42.1191711426,85.4666213989,89.9924087524,78.3241271973,266.0400085449,86.3728256226,21.0998630524
2025-03-11,546.5628662109,78.0882568359,42.4688682556,84.8564834595,89.6704940796,78.2766952515,269.1600036621,85.3631134033,21.2159557343
2025-03-12,549.4632568359,78.6490249634,42.7019996643,84.3495941162,89.4054031372,78.2197494507,270.3299865723,85.0988769531,21.2159557343
2025-03-13,542.1386718750,78.1262741089,42.5271492004,85.0911636353,89.7651672363,78.2766952515,275.1300048828,83.4191741943,21.1385612488
2025-03-14,553.3369750977,79.5614395142,43.3042564392,84.6406021118,89.4527282715,78.2197494507,275.2399902344,85.0894470215,21.2546520233
2025-03-17,557.6039428711,80.4548568726,44.0425071716,85.0630035400,89.5284652710,78.1912689209,276.7300109863,86.5426788330,21.3997707367
2025-03-18,551.5770874023,80.4453582764,43.8190917969,85.1474685669,89.6326217651,78.1912689209,279.9599914551,86.0897216797,21.3513965607
2025-03-19,557.5842285156,80.6829681396,43.9259452820,85.5886459351,89.9072113037,78.3051452637,281.1099853516,86.1935348511,21.4868373871
2025-03-20,555.9718627930,80.0081481934,43.5179595947,85.6449661255,90.0397491455,78.3241271973,280.7500000000,86.1369018555,21.5255355835
2025-03-21,556.1552124023,79.5139236450,43.3042564392,85.1380996704,89.9639968872,78.3715896606,278.4899902344,85.1838150024,21.3997707367
2025-03-24,566.1152343750,79.5044174194,43.4985351562,84.2650985718,89.4432907104,78.2671966553,277.2500000000,86.4955062866,21.4771652222
2025-03-25,567.4760131836,79.9416198730,43.3722572327,84.2557373047,89.5947418213,78.2956619263,278.4700012207,85.5249862671,21.5061874390
2025-03-26,560.7012939453,78.9056396484,43.1099815369,83.7019119263,89.3864669800,78.2766952515,278.2399902344,85.8586502075,21.4771652222
2025-03-27,559.2122802734,79.0767211914,43.3236846924,83.4578552246,89.3107223511,78.3146362305,281.9700012207,85.6393890381,21.5352115631
2025-03-28,547.9506835938,78.3733901978,42.5174369812,84.6124267578,90.0302658081,78.4570007324,284.0599975586,85.5249862671,21.4674911499
2025-03-31,551.6289062500,77.6795730591,42.4494438171,85.4478378296,90.2953872681,78.5139694214,288.1400146484,86.3162612915,21.7673969269
2025-04-01,553.1870117188,77.7936172485,42.5854377747,86.1883163452,90.6126174927,78.5425262451,287.5700073242,86.3544006348,21.7770709991
2025-04-02,556.6877441406,77.9742050171,42.6437187195,86.1317901611,90.5271301270,78.4853897095,288.1600036621,86.8787384033,21.9125118256
2025-04-03,529.2537231445,76.3394546509,41.7403335571,86.5274658203,91.4579467773,78.7805938721,286.4200134277,83.9138259888,21.0321426392
2025-04-04,498.2697143555,71.3021087646,39.4187278748,87.4694976807,91.7144012451,78.7329559326,279.7200012207,80.2720336914,20.2678661346
2025-04-07,497.3822021484,69.5818176270,37.9519348145,84.8317642212,90.6221313477,78.7424926758,273.7099914551,78.1651382446,19.9486103058
2025-04-08,489.5918273926,69.3442001343,37.4176750183,83.2302627563,90.1661987305,78.6948699951,275.2000122070,76.0677566528,19.5035877228
2025-04-09,541.0084228516,74.6951751709,40.0112686157,83.7201309204,89.8812713623,78.6472625732,285.3800048828,80.6057052612,20.2098178864
2025-04-10,517.3019409180,73.2220077515,39.3215866089,81.4121017456,89.3208618164,78.6377487183,292.3500061035,78.7657394409,19.9582824707
2025-04-11,526.5321044922,75.0563583374,40.5552444458,81.8548736572,88.8174819946,78.4948959351,297.9299926758,79.7286148071,20.2485160828
2025-04-14,531.6402587891,75.8642272949,40.9243698120,82.4389419556,89.5298156738,78.6663055420,296.2300109863,81.3779220581,20.2581901550
2025-04-15,530.1511230469,76.5485382080,40.8855133057,82.7309799194,89.7957687378,78.6663055420,297.7799987793,81.6257934570,20.2098178864
2025-04-16,518.3669433594,76.2539062500,40.4095382690,83.1925735474,90.1852035522,78.7710723877,307.4700012207,81.5685806274,20.4613513947
2025-04-17,519.1065063477,77.0807876587,40.7203788757,82.4577865601,89.9287490845,78.7996444702,306.1199951172,82.7888641357,20.6741905212
2025-04-21,506.7503356934,76.6626052856,40.7106628418,81.0164489746,89.4443359375,78.7520065308,315.5899963379,81.0633163452,20.5000495911
2025-04-22,519.9348754883,78.2498474121,41.3226356506,81.4686431885,89.5108261108,78.7805938721,311.1099853516,82.6363296509,20.5967941284
2025-04-23,527.9915161133,78.5634918213,41.7986145020,82.2599411011,89.6058120728,78.7234420776,303.6499938965,82.7888641357,20.4420032501
2025-04-24,539.1051635742,79.6089706421,42.2843017578,83.1266403198,90.0902252197,78.8186798096,308.0700073242,83.0939483643,20.6258163452
2025-04-25,543.0003662109,79.9511337280,42.2065925598,83.7389678955,90.4321517944,78.8853225708,304.7300109863,82.9509429932,20.6548404694
2025-04-28,543.2074584961,80.4833755493,42.2843017578,84.2665405273,90.7930831909,78.9996185303,309.0700073242,83.4657592773,20.5387477875
2025-04-29,546.6293334961,80.6449508667,42.4008712769,84.9730606079,91.1065292358,79.0472030640,306.0599975586,83.9138259888,20.2775382996
2025-04-30,546.8461914062,80.5499038696,42.5077247620,84.2853469849,91.2489852905,79.1519699097,303.7699890137,84.2093658447,19.9002361298
2025-05-01,550.7216186523,80.2932891846,42.4980087280,83.8579940796,90.8516311646,78.9886169434,297.4599914551,84.4858322144,19.9969806671
2025-05-02,558.8966674805,81.8330001831,43.7122383118,82.9503097534,90.2417373657,78.8357696533,297.9800109863,85.5249862671,20.0840511322
2025-05-05,555.6918334961,81.9755630493,44.0425071716,82.4869842529,90.0797576904,78.8262100220,306.8800048828,85.3343200684,19.9679584503
2025-05-06,551.0471191406,81.8710250854,43.8676643372,82.7611846924,90.3084716797,78.8930892944,315.4800109863,84.6764984131,20.2678661346
2025-05-07,553.3645019531,81.5953826904,43.3625373840,83.1110458374,90.5466918945,78.9217453003,310.7500000000,84.7718429565,20.0163307190
2025-05-08,557.2202758789,81.3102645874,43.3334007263,82.1844253540,89.8415374756,78.7593688965,304.6300048828,84.4381713867,20.2775382996
2025-05-09,556.5103149414,81.7094497681,43.6248130798,82.3073501587,89.9082489014,78.7975769043,306.8399963379,85.0006484985,20.4323291779
2025-05-12,574.9014892578,82.1276397705,44.5670585632,81.5414657593,89.3364639282,78.6542816162,298.1900024414,85.4201126099,20.5677719116
2025-05-13,578.6981811523,82.2321853638,44.6447639465,81.2105560303,89.2697982788,78.6351699829,299.4599914551,84.3333053589,20.8870258331
2025-05-14,579.4377441406,81.8330001831,44.9847526550,80.6715927124,88.9362792969,78.5778732300,293.1600036621,83.5038833618,20.7806072235
2025-05-15,582.2678833008,82.7264175415,44.9653205872,81.3807220459,89.5175399780,78.7307128906,297.8399963379,85.0292434692,20.5774459839
2025-05-16,585.9559936523,82.9165039062,44.9361801147,81.5982055664,89.5461349487,78.7116012573,294.2399902344,86.0874710083,20.5000495911
2025-05-19,586.5969238281,83.7053680420,45.0333175659,81.3618316650,89.4984817505,78.7402496338,298.0299987793,86.1065292358,20.4710273743
2025-05-20,584.6246948242,84.1045532227,44.9847526550,80.7756118774,89.3841323853,78.7498092651,303.5799865723,85.6012573242,20.7322349548
2025-05-21,574.7732543945,83.6103286743,44.8681831360,79.3951568604,88.7647476196,78.7020416260,305.8200073242,83.3227539062,20.7032127380
2025-05-22,575.0001831055,83.5628051758,44.7224769592,79.8111724854,89.0982589722,78.7498092651,303.1099853516,82.9414062500,20.5967941284
2025-05-23,571.0753784180,83.6768569946,44.9070358276,79.9435501099,89.3555450439,78.7975769043,309.7500000000,83.0272064209,20.7128868103
2025-05-27,582.9483032227,84.8934173584,44.8001861572,81.0592575073,89.7271957397,78.8262100220,304.5000000000,84.4763107300,20.5290718079
2025-05-28,579.5757446289,83.9144668579,44.5961952209,80.7094192505,89.4794311523,78.7689056396,303.8099975586,84.3905029297,20.4613513947
2025-05-29,581.8635864258,84.2851409912,44.7613372803,81.4563827515,89.8510513306,78.8548889160,305.6099853516,85.1531906128,20.3549346924
2025-05-30,581.2127075195,84.4086914062,44.2173576355,81.5792922974,90.1178817749,78.9504089355,303.6000061035,85.1531906128,20.2001419067
2025-06-02,584.4866943359,85.3116226196,44.5379104614,80.8200683594,89.8119430542,78.8852310181,311.6700134277,85.2675857544,20.6258163452
2025-06-03,587.8198242188,84.6653137207,44.6447639465,80.6777038574,89.7259140015,78.8660736084,308.9100036621,85.0959777832,20.7612571716
2025-06-04,587.6619262695,85.0454940796,45.1984519958,81.9873886108,90.3855743408,79.0098342896,310.8999938965,85.3343200684,20.6838626862
2025-06-05,584.8218994141,84.9884643555,45.4315872192,82.0443191528,90.1178970337,78.9235763550,309.3299865723,85.2675857544,20.7806072235
2025-06-06,590.8275146484,85.2926025391,45.5772933960,81.0003814697,89.4008560181,78.7893905640,305.1799926758,85.6775283813,20.9450721741
2025-06-09,591.3599243164,85.2831115723,45.9658470154,81.0858001709,89.5633850098,78.8469009399,306.6199951172,85.7919311523,20.9644203186
2025-06-10,594.7128295898,85.3971557617,46.2281188965,81.5033721924,89.7163467407,78.8469009399,306.7099914551,86.5260009766,20.9160499573
2025-06-11,593.0166015625,85.2545852661,46.4224014282,81.7501144409,90.0892028809,78.9714965820,308.3699951172,86.0588607788,21.2546520233
2025-06-12,595.3735351562,85.9103927612,46.5001068115,82.7276306152,90.4811706543,79.0385894775,312.2000122070,86.4783401489,21.2546520233
2025-06-13,588.7171020508,84.8078842163,45.7618598938,81.9304275513,90.1465606689,78.9810867310,316.2900085449,85.6393890381,21.9125118256
2025-06-16,594.3183593750,85.1259918213,46.3228683472,81.1047744751,89.8884277344,78.9714965820,311.7799987793,85.7061233521,21.8641414642
2025-06-17,589.2398681641,84.0817413330,45.7147789001,82.0917739868,90.3282241821,79.0098342896,311.9400024414,85.4010543823,22.3285102844
2025-06-18,589.1510009766,84.2267761230,45.7049674988,82.2341232300,90.3855743408,79.0481719971,310.2600097656,85.6965942383,22.3865566254
2025-06-20,587.7673950195,83.4725952148,45.4401588440,82.0822753906,90.4429397583,79.1056747437,310.1300048828,85.6393890381,22.5026512146
2025-06-23,593.5729980469,84.1010818481,45.8128547668,82.3480072021,90.7584381104,79.2111129761,311.0799865723,86.9264144897,21.6706523895
2025-06-24,600.1303710938,85.1259918213,46.9996147156,82.9459152222,91.0739364624,79.2781829834,306.1900024414,87.1552200317,21.1482353210
2025-06-25,600.4666748047,84.6618804932,47.0388488770,83.0502929688,91.1121826172,79.2877655029,307.1199951172,85.0578536987,21.1192111969
2025-06-26,605.1646118164,85.6094436646,47.3527030945,83.4678726196,91.4372329712,79.3835906982,306.7799987793,84.9789047241,21.1966056824
2025-06-27,608.1712646484,86.3829650879,47.1663513184,82.9364242554,91.1982269287,79.3548583984,301.2200012207,85.1907043457,21.0901870728
2025-06-30,611.0790405273,86.4313125610,47.3134727478,83.7525787354,91.5615310669,79.4123687744,304.8299865723,85.7394561768,21.0998630524
2025-07-01,610.8812866211,86.2862777710,47.4017448425,83.9602584839,91.3917617798,79.3296813965,307.5499877930,86.3652114868,21.2159557343
2025-07-02,613.6506347656,86.5376663208,47.6077117920,83.4268112183,91.1999588013,79.3200683594,309.2500000000,86.5673828125,21.5642337799
2025-07-03,618.4869995117,86.5570068359,47.8234825134,82.8457336426,90.8834609985,79.2335357666,307.1400146484,86.6636581421,21.5545597076
2025-07-07,613.8780517578,85.6191101074,47.1467361450,82.0550842285,90.5957183838,79.2142868042,307.3699951172,85.9223709106,21.5352115631
2025-07-08,613.5418090820,86.2475967407,47.4409751892,81.9503173828,90.4614639282,79.2239074707,304.1600036621,85.7972106934,21.6029319763
2025-07-09,617.2210083008,86.8954238892,47.3625144958,82.8076248169,90.9313964844,79.2912139893,305.5199890137,85.8646087646,21.5642337799
2025-07-10,618.9617919922,86.8374023438,47.4900131226,82.8647842407,90.8834609985,79.2912139893,306.2000122070,86.4037246704,21.4965114594
2025-07-11,616.7858276367,86.0058670044,47.3330879211,81.7216949463,90.4614639282,79.2719955444,309.1400146484,86.4133529663,21.7770709991
2025-07-14,617.9627685547,86.0058670044,47.4017448425,81.5502395630,90.4230957031,79.2816009521,308.0100097656,86.9717254639,21.5932559967
2025-07-15,615.3220825195,85.1066513062,47.7450180054,80.9786682129,90.0682220459,79.2046813965,306.7300109863,85.6913146973,21.5545597076
2025-07-16,617.3792724609,85.4547348022,47.9706039429,81.0929870605,90.3175811768,79.3104553223,308.2600097656,86.4999923706,21.5835819244
2025-07-17,621.1574096680,85.6771240234,48.2452239990,81.0739364624,90.2888183594,79.2816009521,307.5899963379,86.4037246704,21.7577209473
2025-07-18,620.7024536133,85.4354019165,48.1373405457,81.1977691650,90.5381851196,79.3488922119,308.3900146484,86.5866394043,21.7964191437
2025-07-21,621.8793945312,85.8898468018,48.4511909485,81.9217376709,90.8546752930,79.3969802856,313.1300048828,86.9428482056,21.7480468750
2025-07-22,621.9684448242,86.3636245728,48.4806137085,82.4170608521,91.1136245728,79.4546585083,316.1000061035,88.4350585938,21.7093505859
2025-07-23,627.2597656250,88.5101470947,48.9710121155,81.9598388672,90.7875442505,79.3873672485,312.1799926758,88.6083374023,21.6513023376
2025-07-24,627.4674682617,87.8526611328,48.7061996460,81.8169631958,90.6532592773,79.3200683594,310.2699890137,88.3002777100,21.6706523895
2025-07-25,630.1181030273,87.7462921143,48.5590744019,82.3313369751,90.8642730713,79.3681411743,307.3999938965,88.3098983765,21.4481410980
2025-07-28,629.9598999023,86.3346176147,48.2354164124,81.7978973389,90.6628646851,79.3585128784,305.4100036621,86.8947143555,21.6706523895
2025-07-29,628.2982788086,86.1605758667,48.2550354004,83.1791305542,91.2575073242,79.4258117676,306.2500000000,88.2906494141,21.9512100220
2025-07-30,627.5070190430,85.5417633057,47.9019470215,82.7504730225,90.9410095215,79.3392715454,300.9599914551,87.0391235352,21.9028377533
2025-07-31,625.1530761719,84.6231994629,47.6273269653,82.7981033325,91.0177230835,79.3392715454,302.9599914551,85.8164672852,21.7190246582
2025-08-01,614.9065551758,84.4008178711,47.2742424011,83.9752044678,92.0655822754,79.7347869873,309.1099853516,85.6046676636,21.3707466125
2025-08-04,624.2530517578,85.5224227905,47.7646369934,84.2046966553,92.1906738281,79.7540512085,310.9100036621,86.4807434082,21.2933502197
2025-08-05,621.0881347656,85.5127563477,47.9019470215,84.4628753662,92.1233139038,79.7251281738,311.1600036621,86.8754501343,21.1095371246
2025-08-06,625.8455200195,86.0735549927,48.1275291443,83.9752044678,92.0559539795,79.7540512085,310.5000000000,86.2015533447,21.0611648560
2025-08-07,625.3212890625,86.8470764160,48.5296516418,83.8317718506,91.9886016846,79.7154846191,313.1199951172,86.4518737793,21.1288852692
2025-08-08,630.1972045898,87.3788757324,48.4904212952,83.4684066772,91.7769165039,79.6961898804,313.0499877930,85.7394561768,21.1288852692
2025-08-11,628.9509887695,87.0114440918,48.3531112671,83.5640258789,91.8058013916,79.6961898804,308.5499877930,85.1714553833,21.1579093933
2025-08-12,635.6467895508,88.0750350952,48.9415893555,83.1432952881,91.7865524292,79.7540512085,308.2699890137,85.6528091431,21.0708408356
2025-08-13,637.8227539062,88.6068344116,49.5300636292,83.8317718506,92.1137161255,79.8601913452,309.2099914551,86.4518737793,21.0418167114
2025-08-14,637.8820800781,88.6165084839,48.9219741821,83.2102355957,91.8154067993,79.7733459473,307.2500000000,85.8357238770,21.1288852692
2025-08-15,636.3886718750,89.1386337280,48.9808197021,82.6173782349,91.6325988770,79.7444152832,307.4299926758,86.3266983032,21.0611648560
2025-08-18,636.2501831055,89.0419387817,49.2652511597,82.3783340454,91.5459976196,79.7444152832,306.9500122070,85.5950469971,21.0805149078
2025-08-19,632.7984008789,89.0516128540,48.8631248474,82.8564376831,91.7769165039,79.7830123901,305.2699890137,87.0680007935,20.9160499573
2025-08-20,631.1170654297,89.3706893921,48.7944717407,83.0381011963,91.9116287231,79.8119354248,308.3599853516,87.3183059692,21.1482353210
2025-08-21,628.5850830078,88.8098831177,48.6865844727,82.6269378662,91.6422119141,79.7444152832,307.2900085449,87.0583724976,21.2740020752
2025-08-22,638.2380981445,90.1442184448,49.6575698853,83.2389144897,92.1521911621,79.9180374146,310.5799865723,88.7431182861,21.3610706329
2025-08-25,635.4292602539,88.9549179077,49.3731384277,82.9998626709,91.9693603516,79.8794555664,309.8299865723,88.2328796387,21.4674911499
2025-08-26,638.0897216797,88.8582382202,49.2456359863,82.9520568848,92.2099227905,79.9469833374,312.0799865723,88.0018310547,21.3030261993
2025-08-27,639.5437011719,88.6455154419,48.9513969421,82.8564376831,92.3831253052,80.0048675537,312.7099914551,88.5505828857,21.3223743439
2025-08-28,641.8085937500,88.9742584229,49.1377449036,83.4014816284,92.5948104858,79.9759216309,315.0299987793,88.3195343018,21.4578151703
2025-08-29,637.9809570312,88.4521331787,48.9023590088,82.8086166382,92.5178298950,80.0434570312,318.0700073242,88.8008880615,21.4868373871
2025-09-02,633.2533569336,87.5819244385,48.8631248474,82.1923904419,92.2417526245,80.0027999878,325.5899963379,87.3279266357,21.8351173401
2025-09-03,636.6853027344,87.7172851562,49.0494728088,83.0946578979,92.5603027344,80.0608520508,328.1400146484,87.3760681152,21.6416301727
2025-09-04,642.0064086914,88.3554458618,48.8925476074,83.7281646729,92.9754180908,80.1189346313,326.6900024414,88.0307159424,21.4868373871
2025-09-05,640.1469116211,88.7518768311,49.4810256958,85.0047760010,93.4291381836,80.2350311279,331.0499877930,89.0223159790,21.3127002716
2025-09-08,641.7196044922,89.6414260864,49.9321899414,86.1373901367,93.7187652588,80.2834243774,334.8200073242,88.5024490356,21.4578151703
2025-09-09,643.2031860352,89.3416824341,50.2068099976,85.6478652954,93.4967193604,80.2156829834,334.0599975586,88.3002777100,21.5158615112
2025-09-10,645.0625000000,89.3223419189,50.5500907898,86.1373901367,93.7477264404,80.2253570557,335.2600097656,88.1558609009,21.6609764099
2025-09-11,650.4230957031,90.2699127197,51.2856864929,86.7133026123,93.8925247192,80.2543869019,334.7600097656,89.7635955811,21.4965114594
2025-09-12,650.2055664062,89.9121551514,51.2562599182,86.3389663696,93.6222305298,80.2446975708,335.4200134277,89.3496322632,21.6222801208
2025-09-15,653.6671142578,90.5116348267,51.6289596558,86.5405349731,93.7766799927,80.2737426758,338.9100036621,89.2052307129,21.8157672882
2025-09-16,652.7670898438,90.2602386475,52.0114707947,86.7229080200,93.8346023560,80.3124389648,339.5899963379,88.7334976196,22.0382804871
2025-09-17,651.9561157227,89.9218215942,52.2370529175,86.5021438599,93.6318817139,80.2737426758,336.9700012207,88.6179809570,21.8060951233
2025-09-18,655.0023803711,90.2699127197,52.1095542908,85.6094818115,93.3229598999,80.2446975708,335.6199951172,88.8105163574,21.7093505859
2025-09-19,658.2465209961,89.9218215942,51.9918556213,85.4463043213,93.2843322754,80.2737426758,339.1799926758,88.2328796387,21.5352115631
2025-09-22,661.3607177734,90.2118988037,52.2468605042,85.1391296387,93.1298828125,80.2350311279,345.0499877930,88.2521362305,21.5352115631
2025-09-23,657.7605590820,90.0378494263,52.2762832642,85.7342605591,93.3905334473,80.2640609741,346.4599914551,88.7334976196,21.7577209473
2025-09-24,655.6678466797,89.5157241821,52.0997428894,85.4079132080,93.1395492554,80.2253570557,343.3200073242,87.8607177734,21.9028377533
2025-09-25,652.6429443359,88.8775711060,51.7956962585,85.4079132080,92.9367980957,80.1576156616,344.7500000000,87.5983047485,22.0576267242
2025-09-26,656.3818969727,89.5640716553,51.6976165771,85.3311157227,92.8885498047,80.2060012817,346.7399902344,88.4633026123,22.0673027039
2025-09-29,658.2266845703,89.9121551514,52.1683959961,86.0318222046,93.1588439941,80.2350311279,352.4599914551,88.4924697876,21.8834896088
2025-09-30,660.7060546875,90.2795791626,52.3743667603,85.7822570801,93.1202239990,80.2737426758,355.4700012207,88.8520660400,21.7964191437
2025-10-01,662.9574584961,91.0240936279,52.7862968445,86.0037841797,93.4339599609,80.3669281006,356.0299987793,88.9881362915,21.7577209473
2025-10-02,663.7210693359,91.1691284180,53.0314941406,86.2542266846,93.5307998657,80.3863296509,354.7900085449,88.5216293335,21.6126060486
2025-10-03,663.7113037109,91.9329757690,53.1884231567,86.0904617310,93.3468170166,80.3572235107,357.6400146484,88.8520660400,21.6803264618
2025-10-06,666.0914916992,92.1456985474,53.4336204529,85.4066085815,93.0756912231,80.3377990723,364.3800048828,88.0162200928,21.9028377533
2025-10-07,663.6220092773,91.3431701660,53.0216903687,85.8978271484,93.3080749512,80.3766174316,366.2600097656,87.6955032349,21.9899063110
2025-10-08,667.5791625977,91.6138992310,53.4434318542,85.9652633667,93.3274536133,80.3669281006,372.2999877930,87.2387008667,22.0189304352
2025-10-09,665.6452026367,90.8597259521,52.8941841125,85.8978271484,93.2596588135,80.3572235107,365.4299926758,86.7624664307,21.8157672882
2025-10-10,647.6542358398,89.1869735718,50.9424057007,87.2848434448,93.8406677246,80.4930953979,369.1199951172,85.6544876099,21.3513965607
2025-10-13,657.5919189453,89.9024887085,52.4234046936,87.2366714478,93.8890838623,80.6483993530,378.0899963379,86.1987609863,21.6222801208
2025-10-14,656.7885742188,90.3085861206,51.9526252747,87.5159988403,94.1311569214,80.5901641846,380.7900085449,87.0831985474,21.3804206848
2025-10-15,659.7044067383,90.7436904907,52.8059158325,87.3233642578,94.0246353149,80.5513305664,387.3900146484,88.3466796875,21.4578151703
2025-10-16,655.2116699219,91.2174682617,53.1491889954,87.9783477783,94.4604034424,80.6581115723,396.4500122070,88.0356674194,21.4191169739
2025-10-17,658.9308471680,91.3818511963,53.1393814087,87.8434906006,94.3054656982,80.6483993530,388.9899902344,88.6090927124,21.3997707367
2025-10-20,665.7840576172,92.1360244751,53.8651695251,88.1806030273,94.4313430786,80.6581115723,403.1499938965,89.5032501221,21.6126060486
2025-10-21,665.7741088867,91.4591903687,53.2668914795,88.6140441895,94.6056289673,80.6775207520,377.2399902344,89.2505569458,21.3900947571
2025-10-22,662.3127441406,91.3238296509,53.2178459167,88.6718368530,94.6250076294,80.6775207520,377.2799987793,89.6296005249,21.7286968231
2025-10-23,666.2402954102,91.7492675781,53.6886291504,88.0650405884,94.3151473999,80.6192703247,378.7900085449,89.5712966919,22.0963249207
2025-10-24,671.6851806641,91.8943023682,54.0417137146,88.1035614014,94.4022827148,80.6678085327,377.5199890137,89.8337097168,22.1060009003
2025-10-27,679.6094970703,92.5324554443,54.6399993896,88.4021530151,94.4022827148,80.6483993530,367.0100097656,90.0864028931,22.0576267242
2025-10-28,681.4145507812,92.4937820435,54.6203804016,88.6333160400,94.4894485474,80.6581115723,364.3800048828,88.3175201416,21.8544654846
2025-10-29,681.7418212891,91.9716567993,54.9342346191,87.7375335693,93.8793945312,80.5028076172,363.0000000000,86.0432510376,21.9705581665
2025-10-30,674.2440185547,91.5655593872,54.3653755188,87.2270431519,93.7438201904,80.5125045776,370.1300048828,86.4514541626,21.9802322388
2025-10-31,676.4556884766,91.3625106812,54.2378730774,86.9669723511,93.7825546265,80.5416412354,368.1199951172,86.6749954224,22.1350231171
2025-11-03,677.7251586914,91.4011840820,54.5811538696,86.7494735718,93.7378768921,80.5445632935,368.7799987793,86.5486450195,22.2994880676
2025-11-04,669.6916503906,90.4632873535,53.5807418823,86.9428253174,93.8544387817,80.5737609863,362.3200073242,86.6944274902,22.1446971893
2025-11-05,672.0124511719,91.0434341431,54.0613288879,85.9954833984,93.4076309204,80.5153350830,366.5100097656,86.7721786499,22.0769767761
2025-11-06,664.8022460938,90.8403778076,53.6592025757,86.7688140869,93.8835906982,80.6127166748,366.0700073242,86.3542556763,22.1060009003
2025-11-07,665.4567260742,91.1788024902,53.5022773743,86.5851364136,93.9224548340,80.6516494751,368.3099975586,87.6955032349,22.1543712616
2025-11-10,675.8406982422,92.1360244751,54.4438362122,86.5658111572,93.7961654663,80.6321868896,378.3800048828,87.6469039917,22.3962326050
2025-11-11,677.3879394531,92.8128585815,54.5026855469,86.9621505737,94.0875778198,80.7003402710,379.8699951172,88.6285400391,22.5413475037
2025-11-12,677.7647705078,93.3639907837,54.5124931335,87.1168212891,94.1070022583,80.6711349487,385.9899902344,87.9676361084,22.2898139954
2025-11-13,666.5180053711,92.3680801392,53.8749809265,86.4014816284,93.8350143433,80.6224517822,382.8699951172,86.8888168335,22.1737213135
2025-11-14,666.4088134766,92.1070251465,53.9044036865,85.9084854126,93.6795959473,80.6516494751,375.9599914551,87.0734710693,22.2220916748
2025-11-17,660.2003173828,90.9080581665,53.2668914795,86.1211395264,93.7864608765,80.6419143677,371.6499938965,86.3542556763,22.1930694580
2025-11-18,654.6562500000,89.7284469604,53.0020713806,86.0921325684,93.9418716431,80.6906127930,374.3500061035,86.7041549683,22.3768825531
2025-11-19,657.1853027344,89.4577102661,52.8157196045,85.9181518555,93.8738861084,80.6808776855,374.9599914551,86.0238113403,22.1543712616
2025-11-20,647.1683349609,88.2200775146,52.0899353027,86.2564773560,94.0972824097,80.7490158081,374.8500061035,85.6642074585,21.9415359497
2025-11-21,653.6148681641,89.5834121704,52.0801277161,86.5174865723,94.4081344604,80.8463973999,374.2699890137,87.0540390015,21.7964191437
2025-11-24,663.2351684570,89.6607589722,52.6293716431,87.0104827881,94.5538406372,80.8561401367,380.2000122070,87.2872924805,21.9028377533
2025-11-25,669.4735107422,90.7340164185,52.8157196045,87.2328262329,94.7966766357,80.9048309326,380.0799865723,88.0939788818,21.7867450714
2025-11-26,674.0952148438,91.7299346924,53.1982345581,87.6194915771,94.8743896484,80.8950805664,383.1199951172,88.4827499390,22.0189304352
2025-11-28,677.7747192383,92.0393447876,53.2766952515,87.2038040161,94.7092514038,80.8950805664,387.8800048828,88.7743148804,22.3091621399
2025-12-01,674.6803588867,91.5848922729,53.2374649048,86.1182403564,94.2006988525,80.8257446289,389.7500000000,87.7538070679,22.3672103882
2025-12-02,675.9299926758,91.8943023682,53.2570800781,86.1570358276,94.2786331177,80.8745727539,387.2399902344,87.4428024292,22.2704658508
2025-12-03,678.2706298828,92.3874282837,53.2963142395,86.3995742798,94.4734954834,80.9234008789,386.8800048828,87.6663436890,22.3768825531
2025-12-04,678.7665405273,92.6388092041,53.2865066528,85.9339218140,94.1812057495,80.8648147583,387.1300048828,87.4525222778,22.4349308014
2025-12-05,680.0557861328,92.6388092041,53.6886291504,85.5361633301,93.9863662720,80.8355102539,386.4400024414,87.3553314209,22.5703716278
2025-12-08,678.0127563477,92.3487472534,53.5709304810,85.2548370361,93.7915115356,80.8159790039,385.4200134277,86.6847152710,22.2898139954
2025-12-09,677.4276123047,92.2230453491,53.4826622009,85.3421478271,93.6551208496,80.7769165039,387.3999938965,86.3542556763,22.2414417267
2025-12-10,681.9203491211,93.2479705811,54.0809440613,85.6719818115,93.9571304321,80.9136352539,389.0499877930,86.6652679443,22.3768825531
2025-12-11,683.5072021484,93.7991027832,53.8259391785,85.5555801392,93.9668807983,80.9234008789,393.2399902344,87.0443191528,22.3575344086
2025-12-12,676.1581420898,93.3059844971,53.1982345581,84.7309570312,93.7135772705,80.9331741333,395.4400024414,86.9374084473,22.1737213135
2025-12-15,675.1365966797,93.8764419556,53.0413055420,84.7891769409,93.7915115356,80.9820022583,395.7999877930,87.2095489502,22.0673027039
2025-12-16,673.2918701172,93.4413375854,52.7060470581,85.2548370361,94.0545501709,81.0210647583,395.8900146484,86.5680847168,21.8447914124
2025-12-17,665.8832397461,92.6833343506,52.3280105591,85.1772155762,94.0350723267,81.0308303833,399.2900085449,86.8888168335,22.1060009003
2025-12-18,670.9114990234,93.3428955078,52.9249114990,85.5846710205,94.2786331177,81.0894393921,398.5700073242,86.4320144653,21.9512100220
2025-12-19,676.9923095703,93.9729232788,53.4422225952,85.2652435303,94.0665435791,81.0747451782,399.0199890137,86.1015625000,22.1060009003
2025-12-22,681.2098388672,94.2091827393,53.7307205200,85.0802001953,93.9687957764,81.0355606079,408.2300109863,86.5438995361,22.3899993896
2025-12-23,684.3233032227,94.7900009155,54.0291709900,85.2165298462,93.9297027588,80.9963684082,413.6400146484,86.4850540161,22.6399993896
2025-12-24,686.7305297852,94.9081344604,54.1385993958,85.7327041626,94.1740493774,81.0453491211,411.9299926758,87.0539093018,22.6299991608
2025-12-26,686.6608886719,95.0656356812,54.5166358948,85.4502792358,94.2620162964,81.1041336060,416.7399902344,87.1519775391,22.7000007629
2025-12-29,684.2138671875,94.7801513672,54.3773612976,85.7716598511,94.3988494873,81.1433181763,398.6000061035,87.3285217285,22.4899997711
2025-12-30,683.3782958984,94.9376602173,54.5962219238,85.5671386719,94.3011245728,81.1628952026,398.8900146484,87.5050659180,22.6399993896
2025-12-31,678.3152465820,94.5340423584,54.4271011353,84.8854217529,93.9883575439,81.1335144043,396.3099975586,86.7890930176,22.3600006104
2026-01-02,679.5585937500,95.5283126831,55.9491920471,84.7588043213,93.9101486206,81.1726989746,398.2799987793,86.8185119629,22.3899993896
2026-01-05,684.0845947266,96.6210250854,56.5659828186,85.1775894165,94.1936111450,81.2020950317,408.7600097656,87.0146713257,22.8099994659
2026-01-06,688.1529541016,96.7686920166,56.9838104248,85.0022888184,94.1251831055,81.2118988037,413.1799926758,87.6521835327,22.7999992371
2026-01-07,685.9347534180,96.4044494629,56.5560340881,85.4989700317,94.3011245728,81.2020950317,409.2300109863,86.7988967896,22.5900001526
2026-01-08,685.8651123047,96.4142990112,56.5759315491,85.0704574585,94.0176696777,81.1726989746,411.4899902344,87.5737228394,22.8799991608
2026-01-09,690.4010009766,97.2707366943,56.8445358276,85.6353302002,94.1251831055,81.1433181763,414.4700012207,87.7502517700,22.8999996185
2026-01-12,691.4852294922,97.8613967896,57.6403961182,85.3821029663,94.0078887939,81.1433181763,422.2300109863,87.8679428101,23.1900005341
2026-01-13,690.1026000977,97.3002700806,57.2126197815,85.5281829834,94.1251831055,81.1628952026,421.6300048828,88.3583297729,23.3700008392
2026-01-14,686.7105712891,97.7531127930,57.4513816833,86.0248870850,94.3206634521,81.1824951172,425.9400024414,89.1233444214,23.3899993896
2026-01-15,688.5806884766,97.7137298584,57.7896232605,86.0053863525,94.1251831055,81.1237182617,423.3299865723,89.7412414551,23.2000007629
2026-01-16,688.0037231445,97.9795227051,57.5707588196,85.5087051392,93.7635345459,81.1041336060,421.2900085449,90.8397064209,23.1599998474
2026-01-20,673.9981689453,96.4930419922,57.0136566162,84.3887329102,93.3921279907,81.1139221191,437.2300109863,89.1527709961,23.4799995422
2026-01-21,681.7768554688,97.4873123169,57.9587440491,85.0315017700,93.6364669800,81.1530990601,443.6000061035,89.5058517456,23.7500000000
2026-01-22,685.3379516602,97.8712387085,58.3964691162,85.4015960693,93.6267013550,81.1237182617,451.7900085449,88.6231460571,23.7399997711
2026-01-23,685.5865478516,98.4126739502,58.7645568848,85.6353302002,93.7830886841,81.1530990601,458.0000000000,88.7996902466,24.1800003052
2026-01-26,689.0681152344,98.9048843384,58.8640365601,86.0443572998,93.9199218750,81.1824951172,464.7000122070,88.6819992065,24.2900009155
2026-01-27,691.8134765625,100.4996414185,60.0279884338,85.5087051392,93.8124084473,81.2020950317,476.1000061035,88.6525726318,24.6200008392
2026-01-28,691.7438354492,99.4364700317,60.4358673096,85.3139343262,93.7342071533,81.2020950317,494.5599975586,87.7404479980,24.9400005341
2026-01-29,690.3711547852,100.1058807373,60.1274719238,85.3334045410,93.8319549561,81.2314834595,495.8999938965,88.9664154053,25.2999992371
2026-01-30,688.3121337891,99.1706695557,58.7943992615,84.8561935425,93.7733078003,81.3000488281,444.9500122070,89.0546951294,24.4300003052
2026-02-02,691.7338867188,99.8203964233,58.9734687805,84.6137390137,93.5889663696,81.2607421875,427.1300048828,88.1327590942,23.5400009155
2026-02-03,685.8850097656,99.8696136475,59.2918128967,84.8190536499,93.6772079468,81.2509307861,454.2900085449,87.9366073608,24.1499996185
2026-02-04,682.5626831055,100.1944732666,58.4959526062,84.6039657593,93.6576004028,81.2902450562,453.9700012207,89.2018051147,24.1900005341
2026-02-05,674.0379638672,98.7670669556,58.2273483276,85.5229492188,94.2067337036,81.4179763794,441.8800048828,89.0743026733,23.7600002289
2026-02-06,686.9692382812,101.0115432739,59.7593841553,85.5815963745,94.2067337036,81.4179763794,455.4599914551,90.4768218994,24.0100002289
2026-02-09,690.2816162109,102.3700408936,60.1971092224,85.5620422363,94.2263412476,81.4376220703,467.0299987793,90.8593215942,24.2500000000
2026-02-10,688.4613037109,102.6161499023,60.2866439819,86.5494537354,94.6382064819,81.4867477417,462.3999938965,92.0754852295,24.1399993896
2026-02-11,688.3021850586,103.3052520752,61.2416801453,86.0899734497,94.3734436035,81.4081344604,467.6300048828,91.5654830933,24.3700008392
2026-02-12,677.6687011719,102.5275573730,60.5452995300,87.2337875366,94.9520034790,81.4867477417,451.3900146484,91.4576034546,23.7999992371
2026-02-13,678.1461181641,102.6161499023,60.8039550781,87.7128295898,95.3246231079,81.6144866943,462.6199951172,92.7718353271,23.8799991608
2026-02-17,679.2402954102,102.5964660645,60.5552482605,87.8594741821,95.3148193359,81.5850067139,448.2000122070,93.6545410156,23.5900001526
2026-02-18,682.6621093750,102.7145919800,60.8735923767,87.5270767212,95.1187057495,81.5358810425,458.2799987793,92.5560760498,24.2099990845
2026-02-19,680.8616943359,102.4291152954,60.7243690491,87.6150741577,95.2069549561,81.5358810425,459.5599975586,92.3599090576,24.4300003052
2026-02-20,685.7855834961,103.2658691406,62.0176467896,87.4097671509,95.2069549561,81.5457000732,468.6199951172,93.0562667847,24.6000003815
2026-02-23,678.7827758789,102.8425674438,61.3312149048,87.7323760986,95.5501785278,81.6144866943,481.2799987793,93.0660781860,24.7500000000
2026-02-24,683.7164916992,103.0296096802,62.2961997986,87.8888092041,95.5305480957,81.6144866943,474.6099853516,93.3014602661,24.7199993134
2026-02-25,689.4859008789,104.0140380859,62.9826316833,87.8985824585,95.4521026611,81.5948410034,473.4200134277,93.0464630127,24.7500000000
2026-02-26,685.6561889648,103.9254302979,62.3857345581,88.2505187988,95.7070617676,81.6243057251,477.4800109863,93.6839599609,24.7600002289
2026-02-27,682.3637084961,103.7383880615,62.2564086914,88.7882156372,96.0894927979,81.7323913574,483.7500000000,93.8507080078,25.1000003815
2026-03-02,682.7516479492,101.6907958984,61.1819915771,87.8965988159,95.5122146606,81.5875778198,490.0000000000,94.0860900879,25.8099994659
2026-03-03,676.7337036133,98.5307998657,58.1179161072,87.7200469971,95.4040374756,81.5777282715,468.1400146484,93.5858917236,25.9099998474
2026-03-04,681.5083007812,99.8007049561,58.7446594238,87.4453887939,95.2073364258,81.5284576416,471.7999877930,93.7035827637,26.1399993896
2026-03-05,677.7084350586,97.6152954102,57.3320045471,87.0922851562,94.9123153687,81.4693450928,466.1300048828,92.7620391846,26.5200004578
2026-03-06,668.8256225586,96.7489929199,57.0236053467,86.7685928345,94.8533096313,81.5087661743,473.5100097656,91.7518310547,27.5100002289
2026-03-09,674.6845092773,97.4479370117,58.1477622986,87.5238647461,95.1483459473,81.5481567383,472.5299987793,91.9578018188,27.1399993896
2026-03-10,673.6002807617,97.6743545532,58.3765716553,86.5920333862,94.8434677124,81.4989089966,477.8599853516,91.8204879761,27.6000003815
2026-03-11,672.7548217773,97.4676284790,58.5257987976,85.4738311768,94.4107589722,81.4200897217,476.2399902344,90.8691329956,28.1299991608
2026-03-12,662.5390625000,95.9417724609,56.6555175781,85.3070831299,94.1058883667,81.2821502686,466.8800048828,90.2414398193,28.8600006104
2026-03-13,658.7890014648,94.7998428345,56.5062942505,84.8852996826,94.0075378418,81.3314132690,460.8399963379,90.3885574341,28.7099990845
2026-03-16,665.4934082031,96.5718002319,58.0781250000,85.5424880981,94.4304275513,81.4299392700,460.4299926758,91.1437454224,28.3099994659
2026-03-17,667.2440185547,96.8376007080,58.4462089539,85.7779006958,94.5976181030,81.4397888184,459.2699890137,91.5458679199,28.7600002289
2026-03-18,657.9335327148,95.1837692261,57.2623672485,85.2972640991,94.1649017334,81.2919998169,444.7399902344,90.1923904419,29.2700004578
2026-03-19,656.3121337891,95.0164108276,57.3220520020,85.8171386719,94.1550598145,81.2722930908,426.4100036621,89.8295059204,28.8400001526
2026-03-20,646.9034423828,92.1320571899,55.3522911072,84.1888732910,93.3092956543,81.0949401855,413.3800048828,87.0440979004,28.9400005341
2026-03-23,653.6959228516,94.3470001221,57.0136566162,84.7381668091,93.6043243408,81.2131805420,404.0400085449,87.7208328247,27.7500000000
2026-03-24,651.5015869141,93.7858810425,56.2277412415,84.3654403687,93.2896270752,81.0949401855,404.1300048828,87.1419372559,28.2399997711
2026-03-25,655.1322021484,95.1542358398,57.1230850220,85.1795654297,93.7813491821,81.1836318970,416.2900085449,87.0725402832,28.1700000763
2026-03-26,643.4323730469,93.1853942871,55.1831741333,84.4635238647,93.0241012573,81.0062789917,400.6400146484,86.9535980225,28.4400005341
2026-03-27,632.4606323242,92.3387908936,54.9145698547,84.0025100708,93.0339279175,81.1737670898,414.7000122070,86.2398834229,29.1000003815
2026-03-30,630.3460693359,92.6045761108,54.4668960571,85.1207122803,93.6928405762,81.2821502686,414.5799865723,86.5670013428,29.2600002289
2026-03-31,648.6688842773,95.6169052124,56.4963455200,85.0324249268,93.8600387573,81.3511199951,430.2900085449,87.9250259399,28.9500007629
2026-04-01,653.5562744141,97.0738601685,56.9340705872,84.9487228394,93.7781372070,81.3481445312,437.8200073242,88.2422332764,28.6800003052
2026-04-02,654.1447753906,96.4733581543,56.2973785400,85.4706726074,93.9952087402,81.3876724243,429.4100036621,89.4416656494,29.3299999237
2026-04-06,657.2368164062,96.9557266235,56.8146934509,85.3328018188,93.7485275269,81.3086166382,427.6499938965,89.5705261230,29.4799995422
2026-04-07,657.5260009766,96.8179016113,57.0136566162,85.3229522705,93.9853439331,81.3679122925,431.8099975586,89.6993865967,29.3700008392
2026-04-08,674.2729492188,100.5980911255,60.1274719238,85.5986862183,94.1925506592,81.4469604492,434.5299987793,91.3151550293,28.5599994659
2026-04-09,678.1628417969,100.3618240356,59.9682998657,85.3820343018,94.1629486084,81.4667358398,437.9100036621,91.9693832397,28.7099990845
2026-04-10,677.7140502930,100.5882415771,60.2468528748,85.1752243042,94.0050735474,81.4370880127,437.1300048828,92.1676406860,28.5000000000
2026-04-13,684.3369750977,101.2084274292,60.7542152405,85.4312820435,94.2122955322,81.4963684082,435.3599853516,92.5145797729,28.9599990845
2026-04-14,692.6755371094,102.0254974365,61.9181671143,85.8842849731,94.5181808472,81.5556716919,445.0899963379,93.3968048096,28.8400001526
2026-04-15,698.1414184570,101.7006378174,61.8783721924,85.5100631714,94.3109588623,81.5359039307,440.4599914551,93.4661941528,28.8899993896
2026-04-16,699.8569946289,101.4053115845,62.1270790100,84.9684219360,94.1432266235,81.5062637329,440.0799865723,94.3285903931,29.1100006104
2026-04-17,708.3152465820,102.6949081421,63.3109245300,85.7464065552,94.6563110352,81.6643753052,445.9299926758,95.8353118896,28.2900009155
2026-04-20,706.8988037109,102.2912979126,62.8533058167,85.7267150879,94.5675048828,81.6248397827,442.0899963379,96.1822509766,28.6700000763
2026-04-21,702.2708129883,100.0468063354,61.9281120300,85.2540054321,94.1530761719,81.5062637329,429.5700073242,94.4772796631,29.2099990845
2026-04-22,709.3825073242,100.3815155029,63.0522689819,85.4214248657,94.2517623901,81.5457839966,435.2600097656,93.6941757202,29.5100002289
2026-04-23,706.6295776367,99.6628875732,62.0275955200,85.2343139648,94.1037521362,81.5062637329,431.0400085449,94.6557083130,29.8899993896
2026-04-24,712.1054687500,100.1846237183,63.4104080200,85.3918838501,94.2912292480,81.5951995850,433.2500000000,94.4673690796,29.8600006104
2026-04-27,713.3322753906,99.8007049561,63.3109245300,84.9684219360,94.0741424561,81.5754394531,429.8900146484,93.9519119263,30.0900001526
2026-04-28,709.8612060547,99.3872451782,62.6642875671,85.0570602417,93.9853439331,81.5260238647,421.9100036621,94.8143081665,30.3400001526
2026-04-29,709.7515258789,98.3732910156,62.3658370972,84.3972320557,93.5413284302,81.4173202515,417.4100036621,94.0708618164,31.0799999237
2026-04-30,716.8132934570,100.7260589600,63.6591186523,84.3184585571,93.7189331055,81.5062637329,423.6600036621,95.4883728027,31.1000003815
2026-05-01,718.7982177734,100.5094909668,63.7983894348,84.6199264526,93.7902069092,81.5191497803,423.1799926758,95.2207260132,30.8099994659
2026-05-04,716.1649780273,99.1312942505,63.7685432434,83.9774398804,93.4437103271,81.4200363159,414.7099914551,94.6259689331,31.3299999237
2026-05-05,721.9102172852,100.4504241943,65.0618286133,84.4420089722,93.5823135376,81.4596786499,418.2699890137,94.9233474731,31.2000007629
2026-05-06,731.9443359375,103.1772689819,67.1410140991,85.0844955444,94.0475997925,81.5687026978,430.9599914551,96.2417221069,30.2099990845
2026-05-07,729.7001342773,101.2871856689,66.2456665039,84.6594619751,93.7605056763,81.4993209839,431.6799926758,95.5478439331,30.2500000000
2026-05-08,735.7246093750,102.3405151367,67.5886917114,85.0844955444,94.0080032349,81.5687026978,433.7699890137,95.7758331299,30.2999992371
2026-05-11,737.4002685547,102.1239395142,67.5389480591,84.5705032349,93.6912078857,81.4894104004,434.6499938965,95.8452224731,31.0599994659
2026-05-12,736.2831420898,101.5332870483,65.4796524048,84.0070877075,93.3744201660,81.4299468994,432.9299926758,95.8452224731,31.6900005341
2026-05-13,740.4025268555,102.2125396729,66.8624649048,83.8192977905,93.3744201660,81.4596786499,430.5000000000,95.0522079468,31.3700008392
2026-05-14,746.2474975586,101.8483047485,67.0315856934,83.9379043579,93.3150253296,81.4299468994,427.2099914551,94.4871902466,31.1499996185
2026-05-15,737.2706298828,100.1354064941,64.7335281372,82.6924819946,92.5725402832,81.3308334351,417.2900085449,93.0895156860,31.1900005341
2026-05-18,736.7519531250,101.0607681274,64.6340484619,82.5936279297,92.5329437256,81.3704833984,418.4299926758,94.1799011230,31.3799991608
2026-05-19,731.8446044922,100.3322906494,63.9277229309,82.0598754883,92.1765441895,81.3110122681,411.5000000000,94.4475402832,31.6100006104
2026-05-20,739.3452758789,102.0058135986,65.1215133667,82.9395828247,92.8002243042,81.4200363159,417.3999938965,95.6469650269,30.8799991608
2026-05-21,740.8114624023,102.5669326782,65.6885681152,83.2459945679,92.8596343994,81.4101181030,416.9899902344,95.8253936768,30.7000007629
2026-05-22,743.7239990234,102.3602066040,65.5393371582,83.7006759644,92.9388275146,81.3903045654,413.8200073242,95.9245223999,30.5400009155
2026-05-26,748.6613159180,103.4922866821,68.0463104248,84.1158218384,93.3348159790,81.4794998169,414.0000000000,96.3705902100,30.0300006866
2026-05-27,748.5316162109,103.1378936768,68.0363616943,84.3135070801,93.3744201660,81.4894104004,408.4899902344,96.0732116699,29.4899997711
2026-05-28,752.6609497070,103.0591430664,68.2552261353,84.7484207153,93.5922088623,81.5290603638,412.7699890137,95.7064514160,29.7199993134
2026-05-29,754.5361328125,103.1674346924,68.2452774048,84.7681961060,93.7011108398,81.5687026978,417.1199951172,94.8638687134,29.4799995422
2026-06-01,756.5908203125,102.8130416870,69.7176284790,84.8138427734,93.5391998291,81.5219879150,411.2600097656,93.2679367065,29.9899997711
2026-06-02,757.6182250977,103.3839950562,70.4339065552,84.9924545288,93.6087341309,81.5219879150,411.9500122070,93.6941757202,30.1200008392
2026-06-03,752.3018798828,102.4980239868,69.5584487915,84.6550674438,93.3703384399,81.4822235107,407.8699951172,93.5851440430,30.2900009155
2026-06-04,755.1445922852,103.3150863647,68.7426910400,84.8436050415,93.4895401001,81.5418624878,411.2699890137,95.2603759766,29.8799991608
2026-06-05,735.6547851562,100.6669998169,64.2560119629,84.4069824219,92.9928894043,81.3728790283,396.2399902344,95.9443511963,29.2299995422
2026-06-08,737.3204345703,101.2773361206,65.4100112915,83.9703674316,92.8935546875,81.4126358032,397.2699890137,94.6358795166,29.4699993134
2026-06-09,735.1560668945,101.2970275879,65.4796524048,84.4665298462,93.1518096924,81.4524002075,390.7799987793,96.8166580200,29.0699996948
2026-06-10,723.5659179688,99.9877471924,64.3256530762,84.2283630371,93.0624160767,81.4524002075,374.5799865723,96.8265762329,29.1700000763
2026-06-11,735.8642578125,103.0985260010,67.1509628296,85.3199310303,93.7080612183,81.6015014648,386.3200073242,96.7571868896,28.8500003815
2026-06-12,739.8439941406,103.3839950562,67.5289993286,85.1115341187,93.5491409302,81.5816268921,386.5400085449,97.6493225098,28.5499992371
2026-06-15,752.8903808594,104.0800018311,69.7500000000,85.0619201660,93.6484680176,81.6213912964,396.5499877930,96.9653472900,28.2199993134
2026-06-16,748.4019775391,104.3099975586,68.6399993896,85.5283126831,93.8868560791,81.6412658691,397.6300048828,97.2032470703,27.8999996185
2026-06-17,739.0560302734,103.7799987793,68.5599975586,85.6672439575,93.3901977539,81.3927536011,388.6000061035,94.7746582031,27.7099990845
2026-06-18,746.7399902344,104.4100036621,70.7900009155,86.0840148926,93.7279281616,81.5020980835,387.1199951172,94.7250900269,27.6299991608
2026-06-22,744.3900146484,104.5800018311,71.2099990845,85.4290771484,93.3703384399,81.4225845337,384.5899963379,95.7460937500,27.4099998474
2026-06-23,733.5800170898,102.4599990845,67.1699981689,85.5382308960,93.4895401001,81.4822235107,377.3200073242,97.0049972534,27.1200008392
2026-06-24,733.2399902344,102.2600021362,67.2500000000,86.7091674805,94.0954513550,81.5816268921,365.9200134277,97.0100021362,26.4500007629
2026-06-25,734.2999877930,103.1500015259,67.9599990845,86.6794052124,94.1550521851,81.6015014648,369.4599914551,97.1900024414,26.9300003052
2026-06-26,728.9899902344,102.5400009155,67.1900024414,86.6893310547,94.3934326172,81.7009124756,373.6300048828,98.6699981689,26.5699996948
2026-06-29,741.0000000000,103.4499969482,67.4300003052,86.7786407471,94.4232406616,81.6810302734,368.5799865723,98.1500015259,26.5599994659
2026-06-30,746.7700195312,103.8799972534,68.4100036621,85.7565383911,93.9365234375,81.6213912964,368.3800048828,96.4300003052,26.6599998474
2026-07-01,745.7600097656,103.0199966431,66.4800033569,85.1768798828,93.7083053589,81.5894851685,370.6000061035,96.8199996948,26.4500007629
2026-07-02,744.7800292969,104.3700027466,65.6999969482,85.1669235229,93.7980041504,81.6891860962,378.1300048828,98.0199966431,26.5699996948
2026-07-06,751.2800292969,105.4599990845,67.5699996948,85.1071548462,93.8577957153,81.7290649414,382.1300048828,97.2399978638,27.0000000000
2026-07-07,747.7100219727,104.1600036621,65.7200012207,84.2107772827,93.3794326782,81.6094284058,377.4899902344,98.4000015259,27.3500003815
2026-07-08,745.4000244141,103.3600006104,66.2300033569,84.0215377808,93.1900863647,81.5894851685,374.4500122070,96.8000030518,27.7999992371
2026-07-09,751.7100219727,103.9199981689,66.7799987793,84.1510086060,93.3893966675,81.6592788696,378.1799926758,97.0899963379,27.5799999237
2026-07-10,754.9500122070,104.3300018311,66.9000015259,84.1310958862,93.3096694946,81.6293640137,377.0100097656,97.3199996948,27.5200004578
2026-07-13,749.1699829102,103.2399978638,64.5000000000,83.6331024170,92.9708404541,81.5396423340,367.1300048828,97.8300018311,28.3299999237
2026-07-14,751.8300170898,103.9599990845,65.6699981689,83.7426605225,93.2299499512,81.6792144775,372.1499938965,97.5699996948,28.6299991608
2026-07-15,754.8099975586,104.6500015259,65.5699996948,83.9020156860,93.4591598511,81.7490005493,372.3500061035,97.8600006104,28.7900009155
2026-07-16,750.7199707031,103.8099975586,64.1900024414,83.8721313477,93.3993682861,81.7490005493,364.9599914551,100.0699996948,28.4599990845
2026-07-17,743.2899780273,103.3300018311,63.2900009155,84.1808853149,93.5189514160,81.7390289307,368.4100036621,100.0199966431,28.9799995422
2026-07-20,742.0900268555,102.5699996948,63.5600013733,83.5534210205,93.2199859619,81.7091217041,367.6000061035,99.4800033569,29.1399993896
2026-07-21,748.2800292969,104.0599975586,65.3399963379,83.3243484497,92.9907684326,81.6393356323,374.8099975586,99.5199966431,29.5699996948
2026-07-22,747.4099731445,104.2500000000,64.9899978638,83.1052246094,92.7814865112,81.5795211792,379.1199951172,99.0199966431,29.8600006104
2026-07-23,738.1799926758,102.9000015259,64.5999984741,82.8363037109,92.5323410034,81.5196990967,371.5199890137,98.6900024414,30.3099994659
2026-07-24,738.9299926758,103.4100036621,63.3300018311,82.9159851074,92.7117233276,81.5994567871,371.8999938965,100.8099975586,30.1000003815
2026-07-27,739.0900268555,103.9100036621,63.6199989319,83.4139785767,92.9608688354,81.6194000244,374.6300048828,100.5400009155,29.0100002289
2026-07-28,740.8599853516,103.8899993896,62.3600006104,83.9020156860,93.2399139404,81.6891860962,369.3699951172,100.9499969482,28.6000003815
2026-07-29,729.4600219727,103.3700027466,61.0699996948,82.5175933838,92.8512496948,81.7390289307,371.0799865723,100.6600036621,29.4200000763
2026-07-30,741.6900024414,106.2399978638,63.5900001526,82.4677963257,92.8911132812,81.7589721680,377.1600036621,99.4899978638,29.3199996948
2026-07-31,747.0300292969,105.5800018311,64.0899963379,81.9199981689,92.6319961548,81.7490005493,371.5400085449,98.9499969482,29.4500007629
2026-08-03,757.6699829102,106.0199966431,64.3199996948,82.1900024414,92.8199996948,81.7699966431,371.7099914551,99.0699996948,28.8799991608
2026-08-04,771.3300170898,107.3199996948,66.0000000000,82.8199996948,93.2500000000,81.8700027466,374.1600036621,98.9199981689,28.3099994659
2026-08-05,769.7899780273,107.4300003052,65.7200012207,83.0000000000,93.3099975586,81.9000015259,389.6400146484,98.9199981689,28.4799995422
2026-08-06,768.5599975586,107.3600006104,65.0199966431,82.5199966431,92.9499969482,81.8000030518,389.6700134277,98.0400009155,28.8600006104
2026-08-07,773.2600097656,108.5500030518,65.6399993896,82.7600021362,93.1699981689,81.9199981689,398.4700012207,98.4300003052,28.9099998474
2026-08-10,773.0300292969,108.0100021362,65.1699981689,82.0599975586,92.7600021362,81.8600006104,402.5400085449,97.1100006104,29.9300003052
2026-08-11,770.5599975586,108.0899963379,65.4300003052,82.1900024414,92.8700027466,81.8700027466,400.9599914551,96.3799972534,29.9699993134
2026-08-12,772.4899902344,108.5000000000,66.4599990845,82.1100006104,92.9599990845,81.9199981689,404.9200134277,97.3099975586,30.1100006104
2026-08-13,777.8800048828,108.6900024414,66.6800003052,82.5899963379,93.3000030518,82.0299987793,398.9599914551,98.5800018311,29.7800006866
2026-08-14,776.3400268555,108.6399993896,66.6100006104,82.0400009155,93.0400009155,82.0000000000,401.4800109863,98.8300018311,30.0000000000
2026-08-17,772.6699829102,108.4499969482,67.3199996948,81.3499984741,92.8399963379,82.0000000000,405.4899902344,97.9800033569,30.5599994659
2026-08-18,767.4500122070,107.2699966431,65.3399963379,81.6600036621,92.9300003052,82.0199966431,398.5499877930,97.6200027466,30.4799995422
2026-08-19,769.0599975586,107.6600036621,66.1100006104,83.0199966431,93.3799972534,82.0599975586,413.8399963379,98.6100006104,30.7600002289
2026-08-20,762.5999755859,107.3499984741,66.6200027466,82.3399963379,93.0000000000,82.0199966431,415.2600097656,98.5999984741,31.1100006104
2026-08-21,765.7199707031,108.2399978638,67.1200027466,82.0500030518,92.8199996948,82.0000000000,423.3599853516,98.5000000000,31.2600002289
2026-08-24,763.4699707031,108.0299987793,66.1100006104,82.5599975586,93.0100021362,82.0000000000,426.6900024414,99.0999984741,30.9400005341
